member_id,first_name,last_name,date_of_birth,gender_code,state_code,created_at,updated_at
M00001,Jessica,Thomas,1952-08-24,F,DE,2023-12-12 07:52:42,2024-07-08 15:40:44
M00002,Nancy,Jackson,1993-07-31,F,DE,2023-12-19 09:35:36,2024-03-14 18:52:03
M00003,Betty,Garcia,2005-03-08,F,PA,2023-07-24 13:17:23,2024-11-24 17:28:48
M00004,Richard,White,1942-10-13,M,NY,2023-12-31 16:40:44,2025-05-29 15:59:21
M00005,John,Taylor,1950-04-02,M,NY,2023-05-11 12:28:34,2023-06-08 10:46:03
M00006,John,Anderson,1989-11-13,M,NJ,2023-12-22 16:36:50,2025-04-23 11:13:17
M00007,Kevin,Jones,1936-04-11,M,NY,2023-04-16 07:05:37,2024-10-06 12:50:30
M00008,David,Miller,2009-02-12,M,NY,2023-08-05 12:04:16,2023-09-02 14:14:32
M00009,Sarah,Chen,2003-07-07,F,NJ,2023-11-30 16:31:54,2024-08-21 14:56:28
M00010,Daniel,Taylor,2001-05-19,M,NY,2023-12-29 13:59:28,2025-04-11 11:02:52
M00011,Thomas,Smith,1982-09-17,M,NY,2023-06-05 15:10:35,2024-11-22 13:41:46
M00012,Jennifer,Jones,1989-08-06,F,NJ,2023-01-05 16:26:07,2023-06-07 15:17:52
M00013,Daniel,Wilson,1984-12-03,M,NJ,2023-03-05 09:29:51,2024-02-01 15:36:26
M00014,Michael,Rodriguez,2014-03-28,M,NJ,2023-02-28 15:15:54,2023-11-09 08:47:01
M00015,James,Williams,1980-07-19,M,PA,2023-12-28 14:17:23,2025-11-04 14:14:50
M00016,Michael,Martin,1989-12-14,M,DE,2023-11-20 15:48:34,2025-11-07 16:18:26
M00017,Thomas,Davis,1980-08-03,M,NY,2023-12-10 13:28:34,2025-11-01 08:08:28
M00018,Susan,Brown,2010-05-12,F,DE,2023-12-16 08:16:13,2024-08-21 09:01:00
M00019,Susan,Williams,1963-05-08,F,PA,2023-03-16 11:26:12,2023-11-17 13:35:40
M00020,Emily,Moore,2005-05-01,F,NY,2023-05-06 16:22:58,2023-10-11 16:31:13
M00021,Linda,White,1957-09-15,F,DE,2023-05-21 14:51:14,2024-09-10 12:03:41
M00022,Daniel,Davis,2014-05-23,M,DE,2023-12-14 08:05:37,2024-10-26 18:33:57
M00023,Susan,Miller,1981-04-04,F,PA,2023-12-08 15:57:48,2025-01-30 11:24:36
M00024,William,Anderson,1943-04-10,M,DE,2023-12-11 09:16:29,2024-01-29 07:06:51
M00025,William,Wilson,1998-01-30,M,NJ,2023-01-19 16:45:15,2024-02-16 14:20:48
M00026,Robert,Rodriguez,1945-02-14,M,NJ,2023-08-23 18:46:44,2023-12-08 13:23:32
M00027,Amanda,Jones,2004-11-20,F,PA,2023-07-05 07:09:18,2024-04-06 07:06:43
M00028,Mark,Wilson,1971-06-03,M,PA,2023-06-02 11:38:13,2024-12-02 17:45:07
M00029,Christopher,Martin,1943-01-10,M,DE,2023-10-13 15:47:08,2023-12-10 07:38:35
M00030,James,Moore,2015-04-27,M,PA,2023-03-16 17:01:19,2023-12-16 17:22:50
M00031,David,Brown,1942-07-07,M,NJ,2023-08-16 08:43:02,2023-10-23 15:05:13
M00032,Karen,Jones,1965-06-05,F,NY,2023-12-17 16:38:31,2024-12-02 16:42:16
M00033,Mary,Garcia,1944-10-26,F,PA,2023-06-15 15:12:06,2024-03-09 08:48:59
M00034,Amanda,Miller,1991-05-27,F,DE,2023-11-09 15:37:03,2025-05-05 15:18:00
M00035,Barbara,Smith,1979-11-12,F,NJ,2023-07-02 12:48:31,2024-04-04 13:06:28
M00036,Sarah,Miller,1936-05-17,F,NY,2023-01-19 18:27:27,2024-06-19 13:23:40
M00037,Daniel,Patel,1975-02-09,M,PA,2023-04-19 14:10:46,2024-07-04 14:03:24
M00038,William,Miller,1996-09-12,M,DE,2023-08-09 12:15:58,2024-03-31 11:21:58
M00039,James,Williams,1966-03-07,M,DE,2023-02-25 08:41:29,2023-07-07 09:58:56
M00040,Daniel,Park,1949-08-24,M,NY,2023-02-26 08:10:31,2023-05-23 18:36:38
M00041,Joseph,Garcia,1997-02-21,M,PA,2023-10-28 08:16:57,2023-12-13 13:36:18
M00042,Barbara,Kim,1974-12-30,F,NY,2023-01-04 11:26:20,2023-09-30 09:00:01
M00043,Barbara,Garcia,1938-02-02,F,PA,2023-11-13 16:54:00,2024-06-23 09:40:58
M00044,David,Wilson,1969-03-28,M,NY,2023-03-27 16:36:12,2024-07-25 08:37:20
M00045,David,Williams,1980-04-13,M,DE,2023-01-06 13:26:52,2023-04-09 18:17:27
M00046,James,Martinez,1987-08-24,M,NY,2023-02-12 07:10:12,2024-03-21 10:23:12
M00047,Daniel,Martin,1942-07-31,M,PA,2023-12-02 15:27:59,2024-11-30 14:57:26
M00048,Elizabeth,White,1999-08-28,F,NJ,2023-12-03 12:02:52,2024-10-21 15:36:14
M00049,Kevin,Martin,2008-12-31,M,NJ,2023-11-26 10:35:25,2025-08-22 08:27:15
M00050,James,Johnson,2009-02-20,M,PA,2023-08-24 08:20:44,2023-11-19 12:14:48
M00051,Sarah,Johnson,1944-05-30,F,NY,2023-11-20 17:26:07,2025-04-27 18:56:06
M00052,Joseph,Williams,1978-11-24,M,NJ,2023-09-28 16:31:59,2023-10-01 12:55:57
M00053,Christopher,Williams,2001-11-26,M,NY,2023-11-29 12:52:11,2025-01-13 17:26:21
M00054,Kevin,Moore,2000-06-06,M,DE,2023-07-30 17:29:12,2024-03-22 10:15:54
M00055,Jessica,Jackson,2010-11-09,F,NJ,2023-12-02 16:36:26,2024-04-14 15:51:05
M00056,Karen,Jones,1990-05-09,F,PA,2023-07-23 15:07:26,2023-10-10 17:43:45
M00057,John,Smith,1993-06-14,M,NJ,2023-11-08 07:33:38,2025-06-11 11:45:59
M00058,Emily,Miller,1978-08-01,F,PA,2023-10-03 14:55:48,2024-01-12 07:10:21
M00059,Joseph,Nguyen,1998-08-06,M,NJ,2023-11-29 11:54:07,2025-03-31 17:31:24
M00060,Robert,Patel,2015-03-05,M,PA,2023-07-24 07:20:33,2024-06-07 09:40:33
M00061,Joseph,Rodriguez,1976-03-05,M,NY,2023-03-20 17:38:53,2024-08-19 17:04:59
M00062,Robert,Jones,1953-11-26,M,PA,2023-03-18 08:43:33,2024-11-02 18:27:00
M00063,Betty,Brown,1946-11-24,F,NY,2023-12-30 15:14:50,2025-03-17 08:45:58
M00064,James,Garcia,1979-09-01,M,DE,2023-11-24 12:26:06,2025-06-19 13:55:08
M00065,Elizabeth,White,1996-02-24,F,DE,2023-12-23 15:08:01,2025-05-26 18:10:31
M00066,Patricia,Kim,1965-11-09,F,PA,2023-12-31 12:26:12,2024-12-09 16:29:34
M00067,Patricia,Miller,2002-05-09,F,PA,2023-12-13 13:56:31,2025-01-23 09:56:44
M00068,Richard,Park,1957-09-19,M,PA,2023-12-07 16:40:39,2024-03-23 15:43:00
M00069,David,Brown,1973-05-27,M,PA,2023-10-09 09:32:42,2023-11-27 14:24:20
M00070,David,Chen,1991-12-19,M,NY,2023-06-02 11:05:52,2024-02-12 10:14:37
M00071,Betty,Smith,2004-05-13,F,NY,2023-12-09 17:31:13,2025-03-31 10:01:25
M00072,Mark,White,1999-07-22,M,DE,2023-03-24 12:54:32,2023-05-13 12:03:04
M00073,Jessica,Johnson,1990-03-02,F,NY,2023-05-22 12:16:51,2024-03-10 15:04:30
M00074,Elizabeth,Martinez,1977-05-12,F,PA,2023-11-30 11:23:03,2025-02-14 08:14:28
M00075,Jessica,Anderson,1971-06-11,F,NJ,2023-09-02 11:07:14,2024-07-06 12:11:04
M00076,Michael,Wilson,1950-01-05,M,NY,2023-06-15 18:02:17,2023-08-30 14:55:11
M00077,Susan,Jones,1975-08-22,F,NY,2023-12-07 07:40:44,2025-03-11 09:27:03
M00078,Sarah,Williams,1943-02-20,F,NY,2023-06-28 13:27:52,2024-06-12 16:19:23
M00079,Michael,Smith,1968-01-16,M,DE,2023-09-22 18:46:30,2025-04-27 08:30:04
M00080,Richard,Rodriguez,1972-02-18,M,NJ,2023-11-20 16:57:19,2025-01-21 07:46:43
M00081,Barbara,Jones,1979-09-10,F,NJ,2023-10-12 17:54:51,2025-05-22 12:40:00
M00082,Richard,Moore,1959-04-25,M,DE,2023-09-12 13:21:15,2024-10-09 14:03:09
M00083,Mary,Chen,1962-12-29,F,DE,2023-01-23 13:20:36,2023-06-02 17:12:35
M00084,Mark,Wilson,1935-01-06,M,DE,2023-03-16 17:21:39,2024-04-19 09:45:40
M00085,John,Jones,1957-04-16,M,DE,2023-04-22 07:09:57,2023-12-07 11:20:00
M00086,Christopher,Jones,1942-08-17,M,NJ,2023-02-10 11:41:10,2023-02-11 10:48:40
M00087,Grace,Rodriguez,1992-11-28,F,NJ,2023-11-08 18:46:10,2024-03-18 18:18:51
M00088,Thomas,Taylor,1943-12-03,M,DE,2023-03-14 16:31:28,2024-01-15 17:30:28
M00089,James,Anderson,1958-05-28,M,DE,2023-08-17 12:16:25,2023-08-18 17:12:10
M00090,Jessica,Wilson,1959-12-30,F,NY,2023-11-20 10:00:50,2024-07-25 07:18:39
M00091,Mary,Smith,1937-08-17,F,DE,2023-12-07 17:01:06,2025-01-05 10:55:40
M00092,David,Davis,2014-05-20,M,PA,2023-11-23 11:31:20,2024-05-28 14:00:18
M00093,Emily,Kim,1955-05-07,F,PA,2023-11-17 14:23:32,2024-06-22 13:32:54
M00094,James,Martinez,1996-03-27,M,NY,2023-12-31 10:18:01,2024-08-30 17:22:03
M00095,Amanda,Miller,1979-06-21,F,DE,2023-07-25 12:52:14,2024-06-08 09:57:49
M00096,Patricia,Thomas,1954-11-13,F,NY,2023-09-29 12:30:13,2024-07-27 11:44:23
M00097,Susan,Jackson,2015-06-05,F,NY,2023-08-17 11:49:00,2024-12-25 13:51:39
M00098,James,Thomas,1970-04-19,M,DE,2023-02-25 11:20:09,2023-10-01 08:00:44
M00099,Richard,Nguyen,1939-08-26,M,NJ,2023-03-03 08:34:38,2023-09-07 18:47:25
M00100,Michael,Garcia,1942-02-13,M,NJ,2023-06-19 17:31:25,2024-05-21 12:34:54
M00101,William,Nguyen,1962-12-22,M,NJ,2023-12-25 12:38:13,2025-02-08 16:53:58
M00102,Robert,Lee,1935-04-05,M,NJ,2023-03-22 08:56:41,2024-01-02 16:32:07
M00103,Barbara,Martinez,1985-05-05,F,NJ,2023-08-01 17:42:35,2024-08-24 09:03:44
M00104,Barbara,Anderson,1939-06-03,F,NY,2023-11-20 09:32:47,2024-11-15 14:10:21
M00105,James,Moore,1964-01-03,M,NY,2023-12-23 08:38:35,2025-05-07 10:41:59
M00106,Richard,Johnson,2007-10-31,M,NJ,2023-11-21 08:19:42,2024-03-31 14:41:24
M00107,Michael,White,2007-01-26,M,PA,2023-03-05 16:17:19,2023-11-23 16:29:05
M00108,Karen,Johnson,1967-07-25,F,PA,2023-10-06 07:53:37,2024-09-13 12:32:08
M00109,Kevin,Thomas,1959-09-23,M,NJ,2023-11-01 08:28:15,2023-11-04 15:46:53
M00110,Jessica,Martin,2009-02-07,F,DE,2023-08-28 17:51:10,2023-12-15 09:49:13
M00111,Nancy,Patel,2005-11-09,F,DE,2023-09-15 14:19:19,2024-11-28 09:57:47
M00112,Nancy,Martin,1951-05-31,F,NY,2023-01-09 16:55:51,2023-11-15 07:04:10
M00113,Barbara,Thomas,1964-05-29,F,NY,2023-11-24 18:49:26,2025-03-09 09:31:30
M00114,Susan,Williams,1970-02-20,F,DE,2023-06-13 16:19:43,2024-02-21 11:38:52
M00115,Susan,Brown,1984-07-29,F,PA,2023-11-30 17:22:54,2024-05-12 13:42:19
M00116,Patricia,Chen,1991-01-13,F,DE,2023-03-28 13:23:07,2023-10-27 16:37:48
M00117,Susan,Nguyen,1950-07-16,F,NJ,2023-08-28 14:54:05,2024-01-11 09:10:18
M00118,David,Taylor,2004-12-14,M,PA,2023-10-28 11:01:39,2024-08-23 10:56:31
M00119,Joseph,Davis,1957-10-16,M,NY,2023-09-24 15:21:51,2024-04-14 12:42:29
M00120,Betty,Taylor,1956-02-16,F,PA,2023-06-07 17:45:47,2024-03-21 09:18:57
M00121,Linda,Wilson,1940-10-24,F,NJ,2023-12-09 09:43:02,2024-10-24 16:26:15
M00122,Patricia,Smith,1993-08-12,F,NY,2023-11-29 09:13:37,2024-05-27 13:50:23
M00123,Mary,Martinez,2010-05-30,F,NJ,2023-11-19 12:35:12,2025-04-21 11:36:11
M00124,Michael,Williams,1939-07-10,M,NY,2023-07-14 09:48:32,2025-03-02 15:40:57
M00125,Patricia,Moore,1975-04-17,F,NY,2023-09-24 09:18:41,2023-09-30 17:52:24
M00126,John,Johnson,1938-05-12,M,PA,2023-12-25 09:48:59,2024-12-26 08:02:03
M00127,Nancy,Kim,1938-06-06,F,PA,2023-07-28 08:50:20,2023-08-08 13:21:04
M00128,Michael,Johnson,1951-08-11,M,DE,2023-11-16 09:20:26,2024-02-03 13:27:32
M00129,Christopher,Park,1940-09-04,M,NJ,2023-11-28 17:03:32,2024-06-04 12:10:18
M00130,Emily,Rodriguez,1993-08-03,F,PA,2023-06-17 07:43:21,2024-07-28 16:57:46
M00131,Mary,Martinez,1994-11-29,F,DE,2023-11-11 17:10:30,2025-01-11 15:39:30
M00132,Grace,Miller,1972-05-12,F,DE,2023-01-19 11:48:42,2024-01-26 10:16:55
M00133,Betty,Garcia,1953-04-09,F,NJ,2023-01-07 07:44:06,2024-03-26 17:24:37
M00134,Charles,Lee,2008-08-06,M,NY,2023-04-03 15:22:10,2024-05-22 12:36:13
M00135,Sarah,Jones,1946-08-30,F,NJ,2023-01-16 15:06:46,2023-03-09 14:55:14
M00136,Jennifer,Jones,1986-05-24,F,PA,2023-12-13 08:22:48,2025-06-14 14:23:01
M00137,Mark,Williams,1949-07-08,M,DE,2023-11-30 14:06:28,2024-12-09 18:58:42
M00138,John,Johnson,1979-01-03,M,PA,2023-07-22 11:55:37,2024-05-25 16:08:19
M00139,Betty,Martin,1939-10-15,F,NY,2023-12-04 14:56:57,2024-04-30 11:12:52
M00140,Nancy,Patel,1990-09-19,F,NY,2023-12-07 13:40:31,2024-09-06 12:15:35
M00141,Jennifer,Park,1938-09-28,F,NJ,2023-12-21 15:03:24,2025-07-28 17:09:02
M00142,Mary,Anderson,1948-05-29,F,PA,2023-09-10 08:51:44,2024-03-25 12:35:34
M00143,Sarah,Moore,1945-07-24,F,DE,2023-12-11 11:58:17,2025-05-15 14:45:47
M00144,Richard,Jackson,1962-08-26,M,DE,2023-09-13 14:15:28,2024-11-21 11:51:49
M00145,James,Smith,1980-03-06,M,DE,2023-12-10 09:41:29,2024-09-23 18:06:25
M00146,Nancy,Garcia,1956-02-08,F,DE,2023-12-22 09:10:31,2025-07-15 18:11:49
M00147,Barbara,Chen,1944-08-09,F,NJ,2023-03-10 07:48:50,2023-07-19 11:51:27
M00148,Thomas,Jackson,2006-12-23,M,NJ,2023-11-25 17:05:16,2025-08-26 16:50:54
M00149,Mark,White,1992-02-05,M,NJ,2023-05-14 07:54:27,2023-08-06 09:09:43
M00150,Grace,Jones,1939-11-14,F,NJ,2023-12-04 17:18:19,2025-06-21 11:40:13
M00151,John,Patel,1990-02-04,M,NY,2023-04-23 08:40:23,2023-11-07 08:01:11
M00152,Nancy,Lee,1996-07-22,F,NY,2023-08-15 16:15:53,2023-10-21 07:02:07
M00153,John,Rodriguez,1964-01-20,M,NY,2023-10-09 09:48:15,2025-01-18 16:14:54
M00154,Linda,Kim,1988-02-06,F,NJ,2023-09-27 08:17:21,2025-02-26 18:18:31
M00155,Jennifer,Moore,1952-11-05,F,PA,2023-07-06 15:19:36,2024-08-22 17:18:49
M00156,Christopher,Rodriguez,2015-05-01,M,NJ,2023-12-05 13:10:00,2024-07-11 15:09:44
M00157,Sarah,Wilson,1992-02-01,F,PA,2023-12-30 17:54:00,2025-04-11 16:33:57
M00158,David,Park,1983-01-22,M,NY,2023-12-23 17:36:12,2025-02-22 08:06:57
M00159,Joseph,Davis,1967-04-27,M,NJ,2023-12-05 10:35:22,2024-02-26 10:14:55
M00160,Elizabeth,Moore,1961-08-03,F,NJ,2023-12-25 17:20:24,2025-02-26 11:32:36
M00161,John,Martinez,2002-01-10,M,DE,2023-02-04 12:58:36,2023-09-18 10:58:22
M00162,John,Patel,1980-12-29,M,NJ,2023-12-05 12:27:03,2024-02-25 12:07:24
M00163,Charles,Lee,1936-12-31,M,NJ,2023-02-25 13:14:52,2023-02-27 10:45:42
M00164,Linda,Chen,1981-12-05,F,NY,2024-01-01 17:55:46,2025-06-30 08:09:12
M00165,Jennifer,Jones,1953-04-26,F,NY,2023-12-21 11:14:23,2025-05-11 07:54:18
M00166,Patricia,Williams,1998-06-21,F,PA,2023-06-02 11:08:20,2024-09-05 15:51:17
M00167,Mary,Moore,1971-01-23,F,DE,2023-09-28 18:53:32,2023-10-09 13:23:13
M00168,Linda,Garcia,1988-12-30,F,NJ,2023-12-19 15:57:26,2025-10-31 11:22:32
M00169,Richard,Garcia,1940-07-09,M,NY,2023-11-27 17:14:04,2024-07-23 14:19:11
M00170,Karen,Anderson,1940-03-27,F,NY,2023-04-18 07:12:04,2023-04-30 14:50:39
M00171,Karen,Moore,1972-01-26,F,NY,2023-07-24 18:50:58,2025-01-04 09:21:28
M00172,Elizabeth,Moore,1980-08-17,F,DE,2023-11-13 18:12:37,2024-01-17 08:51:40
M00173,Anthony,Chen,1999-03-08,M,NJ,2023-01-07 14:25:54,2024-01-26 12:19:18
M00174,Linda,Brown,2001-07-18,F,NY,2023-12-04 11:04:20,2024-10-04 14:42:10
M00175,William,White,1992-10-11,M,NJ,2023-02-09 08:35:57,2023-06-15 15:44:54
M00176,David,Martinez,1958-11-11,M,NJ,2023-11-17 13:14:48,2025-09-08 13:25:06
M00177,Jennifer,Rodriguez,2013-12-14,F,NY,2023-12-25 17:31:59,2024-06-18 08:54:16
M00178,Betty,Park,1949-04-13,F,NY,2023-12-01 12:52:05,2024-06-14 14:24:38
M00179,Nancy,Wilson,1969-01-15,F,NJ,2023-12-08 14:21:59,2025-08-21 11:29:44
M00180,Betty,Martinez,1974-03-23,F,DE,2023-08-28 09:07:37,2025-04-03 13:10:44
M00181,Mark,Garcia,1990-11-10,M,NJ,2023-03-21 11:48:20,2024-10-19 16:22:43
M00182,Karen,Garcia,1937-05-31,F,NY,2023-04-25 14:01:30,2023-08-12 08:18:09
M00183,Mary,Jones,1997-11-12,F,NJ,2023-01-30 16:53:28,2023-03-02 18:56:17
M00184,Anthony,Taylor,2001-02-05,M,NY,2023-02-17 13:08:37,2023-04-25 12:18:29
M00185,Betty,Martin,2008-05-06,F,NJ,2023-11-19 15:12:13,2024-09-05 17:34:55
M00186,Patricia,Johnson,1957-02-13,F,NJ,2023-07-30 09:56:50,2024-02-23 09:52:10
M00187,Patricia,Jones,2009-01-07,F,NY,2023-10-22 10:17:35,2025-02-21 09:11:35
M00188,Susan,Rodriguez,1961-06-01,F,PA,2023-11-23 15:43:02,2024-11-01 15:29:01
M00189,Emily,Lee,1958-01-11,F,DE,2023-10-17 10:23:54,2023-12-05 14:52:01
M00190,Christopher,Chen,2011-05-19,M,DE,2023-10-22 17:29:23,2023-11-22 13:36:45
M00191,Jessica,Martin,1981-07-12,F,NY,2023-04-11 07:39:09,2024-03-31 11:51:35
M00192,Nancy,Martinez,1999-02-03,F,DE,2023-04-04 15:13:10,2024-11-12 09:38:03
M00193,Elizabeth,Johnson,1935-02-12,F,PA,2023-12-16 16:51:05,2025-01-12 16:32:16
M00194,Emily,Garcia,1979-01-13,F,PA,2023-04-08 13:04:15,2024-08-23 11:01:24
M00195,Charles,Garcia,2009-08-17,M,NY,2023-11-27 09:26:54,2025-03-04 17:04:46
M00196,Jennifer,Brown,1997-10-02,F,DE,2023-08-26 17:54:17,2025-01-17 18:27:28
M00197,Barbara,Brown,2005-09-08,F,DE,2023-04-18 17:05:53,2024-03-17 07:44:26
M00198,Betty,Moore,2015-01-04,F,PA,2023-03-30 13:19:54,2024-06-04 09:19:31
M00199,Susan,Anderson,1953-06-29,F,DE,2023-11-07 07:01:24,2024-08-02 15:16:47
M00200,John,Anderson,2014-04-22,M,PA,2023-08-28 14:44:43,2024-12-11 13:20:14
M00201,John,Nguyen,1987-03-06,M,NY,2023-12-01 10:55:44,2025-05-18 13:25:32
M00202,Charles,Davis,1976-07-20,M,PA,2023-11-21 08:33:38,2024-12-13 13:39:06
M00203,Michael,Rodriguez,1976-06-13,M,NY,2023-09-01 15:19:29,2025-02-01 18:03:02
M00204,Kevin,Kim,1999-11-23,M,NY,2023-06-09 18:03:01,2024-02-17 16:56:35
M00205,David,White,1956-03-11,M,NY,2023-12-02 13:37:41,2024-06-12 12:20:09
M00206,Richard,Jones,1994-01-09,M,PA,2023-04-15 14:28:04,2023-11-01 11:43:07
M00207,David,Miller,2000-10-14,M,NJ,2023-11-01 18:11:22,2025-01-19 12:04:31
M00208,Joseph,Johnson,1960-03-11,M,DE,2023-07-31 17:09:45,2024-08-31 11:38:24
M00209,Thomas,Moore,2011-08-24,M,DE,2023-12-12 15:55:48,2024-11-05 07:46:39
M00210,Karen,White,1936-12-25,F,NJ,2023-05-26 15:11:19,2024-02-13 18:37:16
M00211,Emily,Taylor,2001-06-22,F,NY,2023-09-06 17:14:28,2024-11-19 08:12:18
M00212,Grace,Brown,1994-12-02,F,DE,2023-08-23 10:29:29,2024-02-24 14:09:00
M00213,Betty,Chen,1963-01-30,F,DE,2023-09-24 10:32:25,2024-01-02 18:32:45
M00214,Anthony,Chen,1998-12-24,M,DE,2023-06-10 14:52:28,2024-02-21 15:07:47
M00215,Daniel,Jackson,1936-10-06,M,PA,2023-12-29 10:21:41,2025-08-07 18:25:27
M00216,Nancy,Patel,2004-10-24,F,NJ,2023-01-11 11:20:23,2024-02-13 09:03:07
M00217,Emily,Miller,1957-07-16,F,NJ,2023-08-12 08:19:37,2024-01-23 14:55:19
M00218,Michael,Martin,2011-01-01,M,NJ,2023-11-30 14:01:20,2025-10-18 09:29:38
M00219,William,Chen,1992-05-08,M,NY,2023-11-28 10:40:33,2025-07-01 10:07:33
M00220,Thomas,Brown,1996-05-25,M,NJ,2023-07-08 08:51:05,2024-08-12 08:02:46
M00221,Richard,Johnson,1957-08-25,M,NJ,2023-10-08 10:27:08,2024-11-02 15:34:01
M00222,Charles,Rodriguez,1972-07-21,M,NY,2023-11-18 17:53:41,2025-03-01 11:55:11
M00223,Linda,Park,1962-03-24,F,NY,2023-12-27 09:43:33,2025-08-07 17:24:57
M00224,Christopher,Moore,1949-10-05,M,DE,2023-05-13 10:17:55,2023-07-22 14:48:43
M00225,Barbara,Jackson,1992-08-12,F,DE,2023-08-20 13:33:07,2024-01-16 09:53:29
M00226,Barbara,Davis,1961-05-29,F,DE,2023-05-09 16:39:53,2024-08-31 16:15:48
M00227,Daniel,Garcia,1996-09-03,M,NJ,2023-09-17 18:29:31,2024-11-26 10:04:56
M00228,Linda,Moore,2007-04-05,F,PA,2023-10-15 15:21:28,2024-10-15 08:57:22
M00229,Karen,Moore,1978-01-08,F,PA,2023-12-04 08:06:45,2025-07-23 14:37:59
M00230,Mary,Williams,1948-09-14,F,NY,2023-11-07 07:11:35,2024-12-05 07:27:21
M00231,James,Jackson,1982-08-10,M,NY,2023-12-20 14:33:37,2025-08-07 16:43:15
M00232,Karen,Brown,1941-06-17,F,NY,2023-10-28 12:45:06,2024-07-10 13:23:24
M00233,Christopher,Jones,1951-08-28,M,DE,2023-12-04 10:46:10,2025-03-27 11:27:44
M00234,Daniel,Anderson,2006-01-09,M,NY,2023-06-21 10:15:14,2023-09-21 11:54:56
M00235,Robert,White,1979-05-12,M,NJ,2023-08-07 14:13:10,2025-01-31 18:29:43
M00236,Susan,Davis,1984-10-18,F,DE,2023-05-02 17:51:33,2024-01-27 07:17:52
M00237,Joseph,Jones,1979-03-28,M,NY,2023-03-01 08:07:59,2024-07-08 15:08:05
M00238,Karen,White,1979-09-11,F,NY,2023-06-18 12:09:47,2024-12-21 11:33:33
M00239,Emily,Taylor,2010-06-06,F,PA,2023-11-25 13:09:46,2025-03-18 17:17:09
M00240,Susan,Chen,2010-05-30,F,NY,2023-11-30 17:29:34,2025-05-09 07:46:13
M00241,James,Thomas,1992-02-25,M,PA,2023-12-05 15:11:56,2024-02-03 17:56:09
M00242,Jessica,Patel,2007-07-18,F,NJ,2023-04-07 16:42:43,2024-09-10 18:52:55
M00243,William,Brown,1954-02-21,M,PA,2023-11-17 16:43:00,2024-07-08 17:09:47
M00244,Amanda,Miller,1977-07-28,F,DE,2023-12-21 16:42:31,2026-01-10 16:05:59
M00245,Sarah,Johnson,1965-09-05,F,PA,2023-12-07 13:19:05,2024-11-20 15:58:31
M00246,William,Wilson,1966-11-12,M,PA,2023-12-19 11:37:12,2025-07-07 07:11:43
M00247,William,Miller,1953-04-05,M,PA,2023-12-30 14:23:54,2024-09-16 12:26:37
M00248,Richard,White,1946-06-12,M,NJ,2023-03-31 11:43:07,2023-05-11 18:09:17
M00249,James,Johnson,1970-10-01,M,DE,2023-11-04 11:06:43,2024-02-23 16:32:24
M00250,Mark,Anderson,1989-08-10,M,NY,2023-03-03 12:07:24,2024-07-27 18:30:27
M00251,Mary,Jackson,1991-03-27,F,NY,2023-03-26 09:33:27,2023-10-29 18:07:04
M00252,Susan,Brown,1944-02-04,F,PA,2023-07-05 13:10:55,2023-08-11 09:21:25
M00253,Sarah,Martin,2013-03-23,F,PA,2023-05-23 08:26:38,2024-04-03 17:18:00
M00254,William,Smith,1951-07-30,M,NJ,2023-11-29 13:03:04,2024-04-11 14:51:57
M00255,Nancy,Brown,1979-08-28,F,DE,2023-12-08 12:51:32,2024-07-28 10:26:48
M00256,Daniel,Park,1975-01-20,M,DE,2023-03-10 12:48:23,2023-03-24 08:30:59
M00257,Patricia,Williams,2004-01-26,F,NY,2023-12-27 15:05:14,2025-09-10 09:53:48
M00258,Susan,Smith,2015-05-13,F,NJ,2023-06-05 07:37:55,2023-06-20 14:51:10
M00259,Anthony,Brown,2012-01-07,M,DE,2023-04-01 12:16:30,2023-11-10 11:19:11
M00260,Linda,Nguyen,1936-08-05,F,NJ,2023-10-10 13:38:12,2025-05-14 07:18:32
M00261,Elizabeth,Moore,1967-10-28,F,DE,2023-05-29 08:08:27,2023-08-23 12:54:17
M00262,Emily,Johnson,1995-01-25,F,NJ,2023-09-18 09:35:56,2023-11-10 07:49:36
M00263,Elizabeth,Martinez,1936-04-27,F,DE,2023-03-23 17:11:18,2024-04-24 07:36:19
M00264,Barbara,Taylor,1989-08-19,F,DE,2023-03-03 16:01:23,2024-01-20 14:13:30
M00265,Christopher,Brown,1995-09-22,M,NY,2023-06-20 11:19:07,2023-11-15 09:09:26
M00266,Richard,Nguyen,1991-06-30,M,PA,2023-12-03 12:07:14,2025-07-04 15:01:22
M00267,Karen,Moore,1961-03-25,F,NJ,2023-10-14 14:54:48,2023-12-15 08:55:44
M00268,Charles,Chen,2009-07-30,M,DE,2023-06-04 09:37:25,2024-04-15 10:11:44
M00269,Christopher,Nguyen,1969-10-01,M,NJ,2023-12-08 10:04:55,2024-09-16 18:32:14
M00270,Susan,Garcia,1963-11-05,F,PA,2023-09-27 08:49:12,2024-06-27 18:43:22
M00271,John,Rodriguez,2009-10-02,M,PA,2023-05-25 18:06:02,2024-12-30 15:10:39
M00272,Sarah,Patel,1982-12-16,F,NY,2023-03-29 15:07:39,2024-10-01 16:27:47
M00273,Karen,Johnson,2005-09-01,F,DE,2023-08-28 15:56:44,2024-07-09 07:53:17
M00274,Charles,Smith,1998-07-19,M,DE,2023-07-31 13:16:56,2024-04-16 13:50:00
M00275,Christopher,Lee,1983-07-01,M,NY,2023-03-31 08:02:19,2024-09-30 07:36:29
M00276,Betty,Wilson,1970-09-21,F,DE,2023-12-29 12:28:55,2025-03-09 13:06:55
M00277,Michael,Miller,1980-05-30,M,NY,2023-07-26 14:36:27,2024-02-04 18:49:54
M00278,Charles,Taylor,2007-04-19,M,DE,2023-10-24 18:02:08,2024-10-29 16:53:32
M00279,Linda,Johnson,2004-12-11,F,PA,2023-12-20 08:40:44,2024-11-12 09:38:00
M00280,Grace,Nguyen,2012-09-22,F,NY,2023-04-19 11:37:44,2024-05-03 15:47:21
M00281,David,Wilson,1963-05-01,M,NJ,2023-02-01 08:00:07,2024-01-20 10:02:47
M00282,Jessica,Taylor,1938-01-05,F,PA,2023-07-29 17:50:00,2025-02-27 11:58:03
M00283,Patricia,Nguyen,2004-11-26,F,PA,2023-10-14 16:54:58,2024-12-23 09:40:13
M00284,Michael,Garcia,2010-09-11,M,NJ,2023-02-08 14:39:47,2024-01-20 15:31:15
M00285,Sarah,Lee,1937-06-20,F,DE,2023-02-22 11:31:36,2023-03-29 07:25:28
M00286,Mark,Brown,2010-11-11,M,PA,2023-03-07 12:21:32,2024-04-16 16:12:39
M00287,Mark,Jackson,1963-08-05,M,NY,2023-08-27 11:36:10,2023-11-26 18:14:11
M00288,Linda,White,1975-03-23,F,NY,2023-06-13 08:58:57,2024-06-26 09:21:37
M00289,Mary,Anderson,1938-06-19,F,NJ,2023-09-20 17:32:10,2024-09-14 15:19:19
M00290,Mary,Brown,1958-02-19,F,PA,2023-12-22 14:03:51,2025-10-17 17:44:50
M00291,Daniel,White,2002-09-24,M,DE,2023-01-06 07:54:43,2023-07-28 18:30:29
M00292,William,Lee,2002-12-29,M,DE,2023-04-18 17:29:41,2024-08-12 16:47:00
M00293,Richard,Garcia,1946-02-19,M,NY,2023-12-04 14:52:38,2025-05-25 12:40:24
M00294,Joseph,Martin,2007-06-13,M,NJ,2023-05-27 17:00:18,2023-06-08 13:40:32
M00295,Mark,Thomas,1949-01-30,M,NY,2023-08-14 09:08:54,2023-11-01 15:31:42
M00296,Mark,Park,2004-10-28,M,NJ,2023-12-12 13:46:46,2024-07-10 09:28:26
M00297,Nancy,Davis,1975-08-01,F,NJ,2023-12-14 08:54:27,2024-11-08 13:31:00
M00298,William,Davis,1991-05-11,M,NY,2023-12-01 09:30:04,2024-06-04 13:52:11
M00299,Betty,Jones,1999-01-12,F,NY,2023-12-31 13:40:00,2025-10-25 12:28:14
M00300,Linda,Jones,1958-11-25,F,PA,2023-12-07 13:15:31,2025-04-29 15:36:51
M00301,Christopher,Garcia,1986-03-24,M,DE,2023-10-31 07:10:59,2024-10-07 17:27:39
M00302,Betty,Patel,1944-10-19,F,NY,2023-11-22 08:47:46,2025-03-03 17:07:59
M00303,Sarah,Patel,1981-01-23,F,NJ,2023-02-28 14:44:59,2023-10-02 08:19:54
M00304,Susan,Rodriguez,1958-02-16,F,NY,2023-07-26 18:38:01,2024-08-02 14:45:10
M00305,Susan,Garcia,1943-10-03,F,PA,2023-12-28 10:24:20,2024-11-26 10:58:51
M00306,Christopher,Wilson,1947-12-14,M,NY,2023-01-17 17:42:35,2024-04-13 14:05:45
M00307,Elizabeth,Garcia,1974-09-29,F,DE,2023-01-02 09:10:33,2024-06-24 08:09:30
M00308,David,Taylor,1938-08-21,M,NY,2023-11-25 11:35:42,2024-10-03 17:59:01
M00309,Amanda,Davis,2010-08-30,F,NY,2023-07-04 15:46:23,2024-12-19 09:48:05
M00310,Betty,Thomas,1988-11-20,F,PA,2023-03-23 16:32:44,2023-06-20 11:05:12
M00311,Karen,Jackson,1950-09-23,F,PA,2023-07-30 11:24:10,2023-12-17 08:24:43
M00312,Emily,White,1953-02-23,F,NJ,2023-01-11 08:27:40,2023-03-19 07:28:39
M00313,Elizabeth,Moore,1981-07-06,F,NJ,2023-12-22 14:46:07,2024-11-29 16:35:40
M00314,John,Jackson,1936-05-21,M,NY,2023-12-10 17:08:45,2025-06-26 13:02:02
M00315,Jennifer,Martin,1951-09-10,F,NJ,2023-11-21 08:09:57,2024-02-17 17:20:35
M00316,Thomas,Williams,1966-12-14,M,PA,2023-12-13 13:00:18,2025-09-15 12:25:38
M00317,Amanda,Martin,1999-02-09,F,NJ,2023-09-08 14:13:50,2024-08-01 12:04:14
M00318,Joseph,Wilson,1961-02-26,M,NY,2023-04-21 17:49:12,2024-09-08 12:51:54
M00319,Linda,Thomas,1936-11-08,F,NY,2023-09-07 16:18:23,2023-12-06 08:08:29
M00320,Sarah,Smith,1944-03-18,F,NJ,2023-11-16 13:48:52,2024-07-29 12:16:57
M00321,James,Thomas,1997-09-15,M,NY,2023-07-19 18:38:11,2024-04-11 12:28:07
M00322,Barbara,Brown,1998-01-14,F,NJ,2023-11-20 10:13:48,2024-07-13 18:39:14
M00323,Jessica,Taylor,1959-06-30,F,NJ,2023-05-07 09:43:41,2024-08-25 18:36:07
M00324,Betty,Jones,1945-12-12,F,NY,2023-05-05 18:10:32,2024-06-23 18:26:58
M00325,Jennifer,Smith,1948-03-17,F,DE,2023-11-21 10:44:18,2025-05-29 14:26:23
M00326,Richard,Johnson,1988-07-24,M,PA,2023-11-23 15:28:41,2024-07-29 10:47:30
M00327,Emily,Chen,1970-12-13,F,DE,2023-09-04 13:53:31,2024-08-12 12:03:08
M00328,Thomas,Jones,2011-01-17,M,NY,2023-02-24 11:49:07,2024-01-22 16:25:29
M00329,Barbara,Brown,2013-02-04,F,NJ,2023-12-01 15:53:20,2024-03-19 15:25:57
M00330,Thomas,Jackson,1964-02-06,M,NY,2023-12-15 14:42:12,2024-10-10 07:36:48
M00331,Amanda,Nguyen,1947-07-05,F,NJ,2023-12-21 11:00:50,2025-04-16 18:43:40
M00332,Grace,Anderson,1938-01-31,F,NJ,2023-09-30 18:57:37,2024-07-05 14:21:31
M00333,James,Chen,1957-06-25,M,NJ,2023-05-05 18:15:33,2024-10-18 11:57:38
M00334,Barbara,Moore,1960-10-17,F,NJ,2023-04-26 09:27:29,2024-03-03 08:09:30
M00335,Robert,Nguyen,1940-05-31,M,DE,2023-12-31 12:39:15,2025-03-11 11:49:02
M00336,Betty,Martinez,1946-02-12,F,PA,2023-11-21 15:00:18,2024-10-19 09:38:33
M00337,Kevin,Anderson,1959-08-05,M,DE,2023-09-07 14:59:34,2023-12-05 07:26:04
M00338,Michael,Anderson,1989-09-20,M,DE,2023-08-15 09:33:30,2024-09-13 14:06:00
M00339,Jessica,Martinez,2015-01-03,F,NY,2023-11-07 16:55:13,2025-03-10 14:56:27
M00340,Thomas,Anderson,1964-12-07,M,DE,2023-08-15 16:33:22,2024-02-24 09:40:11
M00341,Anthony,Davis,1936-01-25,M,PA,2023-12-28 17:19:11,2024-06-11 12:56:15
M00342,Betty,Miller,1979-02-01,F,NJ,2023-10-04 09:49:11,2024-07-21 18:12:42
M00343,Sarah,Williams,2004-04-09,F,DE,2023-01-23 15:04:36,2023-07-04 16:42:08
M00344,Richard,Nguyen,1994-01-03,M,NJ,2023-03-05 18:04:49,2024-08-15 09:34:27
M00345,Susan,Kim,1981-09-25,F,NY,2023-08-19 10:31:51,2024-01-24 10:40:31
M00346,Nancy,Wilson,1995-08-03,F,DE,2023-07-27 07:23:59,2024-05-05 07:56:42
M00347,Anthony,Brown,1959-02-08,M,DE,2023-05-11 14:02:11,2024-07-06 16:36:21
M00348,Richard,Taylor,2003-09-10,M,DE,2023-05-01 08:00:55,2024-09-21 07:54:04
M00349,Richard,Nguyen,2011-04-03,M,PA,2023-10-14 12:04:20,2024-02-04 14:53:09
M00350,Barbara,Park,1999-11-14,F,PA,2023-12-28 14:43:11,2024-10-22 11:49:27
M00351,Joseph,Martinez,1935-08-10,M,PA,2023-12-06 16:54:43,2025-06-19 11:08:54
M00352,Charles,Park,2007-01-14,M,NJ,2023-05-29 16:35:53,2024-08-17 15:20:54
M00353,Nancy,Thomas,2008-09-17,F,PA,2023-12-05 15:47:17,2024-10-31 12:27:42
M00354,James,Johnson,1953-04-30,M,DE,2023-12-09 08:52:22,2024-03-22 15:34:27
M00355,Karen,Chen,1961-11-24,F,DE,2023-11-16 18:55:00,2025-05-20 15:15:54
M00356,Karen,Jackson,1976-08-25,F,DE,2023-12-17 10:57:49,2024-02-12 08:37:45
M00357,Linda,Brown,1935-12-07,F,PA,2023-03-11 12:04:05,2024-08-29 16:10:37
M00358,Mark,Taylor,1979-12-09,M,NY,2023-12-08 15:13:50,2025-09-11 09:49:49
M00359,Joseph,Thomas,1972-10-15,M,NJ,2023-12-13 13:19:49,2025-06-28 09:57:09
M00360,Barbara,Williams,1950-04-26,F,NY,2023-12-31 14:51:39,2024-11-27 08:55:51
M00361,Nancy,Wilson,1944-11-30,F,NY,2023-10-29 11:09:05,2024-10-14 13:02:18
M00362,Michael,Wilson,1982-01-06,M,DE,2023-10-24 14:21:20,2025-03-30 11:08:23
M00363,Karen,Brown,1951-05-14,F,NJ,2023-03-03 14:12:27,2024-10-01 18:41:01
M00364,Christopher,Smith,1997-01-21,M,NJ,2023-12-14 13:09:56,2024-03-07 08:34:02
M00365,Charles,Smith,1962-04-25,M,NY,2023-12-24 08:44:05,2024-05-22 18:49:18
M00366,Charles,Rodriguez,1950-09-19,M,NY,2023-11-27 17:45:47,2025-12-11 09:23:38
M00367,Jennifer,Wilson,1971-11-18,F,NJ,2023-05-05 13:01:42,2023-09-30 12:22:05
M00368,Thomas,Patel,1943-12-25,M,DE,2023-03-19 08:09:02,2023-09-09 10:47:38
M00369,Daniel,Taylor,2007-05-13,M,NY,2023-03-05 12:53:31,2023-03-17 11:51:36
M00370,David,Garcia,1999-03-10,M,PA,2023-09-01 14:06:55,2024-08-28 09:31:03
M00371,Robert,Lee,1991-05-28,M,DE,2023-04-12 12:04:41,2024-11-28 16:17:42
M00372,Mary,Davis,1990-12-25,F,NJ,2023-12-06 15:25:20,2024-02-19 16:50:19
M00373,Linda,Davis,1974-06-11,F,NY,2023-02-25 14:14:02,2023-10-27 08:36:43
M00374,James,Nguyen,1987-08-30,M,DE,2023-06-27 16:37:04,2024-05-14 16:36:41
M00375,Robert,Davis,1989-01-21,M,NY,2023-09-16 11:47:54,2025-02-04 10:23:18
M00376,Betty,Martin,1972-02-05,F,NJ,2023-11-13 13:15:20,2024-12-25 15:50:02
M00377,Jennifer,Garcia,2006-02-14,F,DE,2023-09-07 16:06:36,2023-12-05 08:06:08
M00378,Richard,Anderson,1951-09-26,M,NJ,2023-01-08 16:34:18,2023-11-01 18:58:47
M00379,William,Park,1965-01-20,M,NJ,2023-11-27 17:53:58,2025-07-29 12:59:26
M00380,Linda,Park,1972-11-19,F,DE,2023-12-26 07:01:05,2025-07-15 12:45:43
M00381,Susan,Johnson,1960-06-10,F,NJ,2023-12-19 16:31:59,2024-08-17 11:34:43
M00382,Emily,Jones,1965-08-18,F,NY,2023-06-09 14:18:06,2024-02-11 18:13:09
M00383,Joseph,Nguyen,1959-03-12,M,NY,2023-05-11 10:21:15,2024-11-29 15:25:20
M00384,Kevin,Park,1968-01-03,M,NY,2023-12-28 11:31:39,2024-08-05 09:38:03
M00385,Michael,Davis,1961-09-01,M,NY,2023-12-27 17:32:07,2025-09-30 13:44:06
M00386,Charles,Lee,1998-05-19,M,DE,2023-09-25 11:28:31,2024-12-18 09:15:07
M00387,John,Brown,1989-07-25,M,PA,2023-11-19 16:10:03,2025-01-09 07:56:18
M00388,Daniel,Martin,2001-01-09,M,PA,2023-11-17 15:10:21,2024-02-28 10:17:17
M00389,Emily,Garcia,1936-05-06,F,PA,2023-12-18 15:41:24,2024-05-02 07:14:31
M00390,Sarah,Lee,1951-11-23,F,NY,2023-04-22 12:38:10,2023-06-30 18:02:43
M00391,Linda,Martinez,1940-11-29,F,DE,2023-11-15 17:06:57,2024-02-13 08:52:13
M00392,Anthony,Nguyen,1960-05-01,M,PA,2023-12-31 11:52:57,2025-02-16 13:00:40
M00393,Daniel,Jackson,1950-10-29,M,DE,2023-01-31 07:18:21,2024-02-10 07:17:13
M00394,Anthony,Park,1937-04-07,M,NJ,2023-11-24 12:19:36,2024-12-28 16:09:25
M00395,David,Thomas,1951-04-19,M,NJ,2023-10-26 09:57:36,2024-02-20 09:15:54
M00396,Susan,Miller,1971-04-21,F,NY,2023-02-10 09:38:55,2023-07-25 08:57:20
M00397,Elizabeth,Moore,1969-02-27,F,NY,2023-02-10 10:09:22,2024-08-28 17:50:05
M00398,David,Chen,1986-02-25,M,NJ,2023-12-02 09:00:53,2025-11-08 11:55:22
M00399,Betty,Taylor,1945-01-13,F,NY,2023-10-21 18:40:26,2023-12-03 07:29:39
M00400,Christopher,Kim,1996-02-07,M,PA,2023-04-24 14:49:53,2023-06-01 17:00:35
M00401,Emily,White,2002-03-30,F,NY,2023-03-30 09:33:14,2024-05-30 16:39:59
M00402,Barbara,Chen,1960-03-23,F,PA,2023-11-24 13:32:08,2024-09-23 17:40:20
M00403,Thomas,Johnson,1997-01-18,M,DE,2023-12-27 15:15:32,2025-09-05 16:09:48
M00404,Jessica,Miller,1995-05-22,F,PA,2023-11-19 10:10:49,2024-10-16 08:42:37
M00405,Sarah,Rodriguez,1950-08-29,F,NJ,2023-06-17 11:49:48,2024-02-13 15:02:00
M00406,Susan,Williams,1950-01-28,F,PA,2023-12-18 15:19:19,2024-12-22 18:39:06
M00407,Daniel,Patel,1947-04-23,M,NY,2023-05-20 12:47:20,2024-09-29 12:44:05
M00408,John,Moore,1935-07-12,M,PA,2023-12-23 17:55:51,2025-09-09 17:07:08
M00409,Linda,Kim,1946-12-20,F,DE,2023-05-26 09:35:24,2024-12-22 10:57:59
M00410,Karen,Nguyen,2003-03-25,F,NY,2023-06-23 17:40:59,2023-11-28 14:33:14
M00411,Barbara,Patel,1945-04-09,F,NJ,2023-10-24 12:21:45,2023-11-05 18:17:26
M00412,Michael,Brown,1940-05-30,M,DE,2023-10-15 09:26:24,2024-08-21 09:52:03
M00413,Joseph,Nguyen,1945-02-19,M,PA,2023-06-15 17:44:27,2024-05-12 17:10:07
M00414,James,Nguyen,1950-01-30,M,NJ,2023-03-15 11:01:15,2023-04-30 15:48:26
M00415,David,Brown,2002-01-16,M,DE,2023-12-06 09:58:30,2025-07-05 18:16:24
M00416,William,Smith,1978-10-24,M,NJ,2023-07-14 13:38:59,2025-01-20 07:03:50
M00417,Grace,Davis,1992-10-27,F,NY,2023-10-20 12:21:12,2024-07-03 16:34:50
M00418,Amanda,Park,2002-01-21,F,PA,2023-01-29 12:24:03,2023-02-23 17:29:55
M00419,Anthony,Jackson,1968-01-02,M,NJ,2023-07-10 13:52:21,2024-12-29 07:25:18
M00420,Richard,Garcia,2005-05-23,M,PA,2023-11-14 16:09:39,2024-10-13 07:21:03
M00421,Sarah,Lee,1955-08-28,F,NY,2023-12-30 09:10:44,2024-05-31 18:54:58
M00422,Charles,Moore,1940-03-06,M,NJ,2023-02-12 13:17:49,2023-06-01 09:52:07
M00423,Jessica,White,1954-06-02,F,PA,2023-12-05 10:31:30,2025-07-28 08:48:24
M00424,Emily,Davis,1989-01-23,F,NY,2023-03-24 16:13:28,2023-08-16 07:01:12
M00425,Mary,Nguyen,1974-10-05,F,NY,2023-11-25 12:43:52,2024-05-17 13:58:34
M00426,Mary,Thomas,1954-08-01,F,NY,2023-12-12 17:52:41,2024-01-19 08:25:27
M00427,Thomas,Martin,1960-05-30,M,PA,2023-03-15 08:57:29,2023-05-10 15:06:07
M00428,Daniel,Garcia,1940-08-17,M,DE,2023-12-09 14:42:19,2024-04-03 13:12:27
M00429,Christopher,Taylor,1961-07-13,M,NY,2023-01-05 08:24:28,2024-04-02 12:17:08
M00430,William,Wilson,1977-01-22,M,DE,2023-03-29 17:29:04,2024-10-04 09:14:40
M00431,Karen,Thomas,1982-12-20,F,NJ,2023-06-08 14:01:59,2024-07-22 14:47:20
M00432,Charles,Taylor,1999-11-04,M,PA,2023-12-06 07:34:42,2024-10-05 07:54:06
M00433,Anthony,Kim,1978-02-16,M,NY,2023-05-21 09:29:15,2024-03-22 12:13:02
M00434,John,Jackson,1954-12-17,M,DE,2023-12-07 13:07:36,2024-06-29 17:11:47
M00435,Charles,Nguyen,1967-04-19,M,PA,2023-11-24 15:54:05,2025-02-27 14:03:57
M00436,Betty,Miller,1945-04-01,F,NY,2023-08-21 18:52:57,2024-02-21 09:31:41
M00437,Michael,Wilson,2012-05-07,M,DE,2023-09-17 10:22:07,2023-12-23 17:28:01
M00438,Sarah,Taylor,1955-05-14,F,NJ,2023-12-20 10:18:18,2024-12-01 18:34:27
M00439,Christopher,Nguyen,2011-05-25,M,NJ,2023-12-30 17:15:56,2024-05-07 18:45:44
M00440,Joseph,Jackson,1991-03-20,M,NY,2023-11-30 16:21:51,2024-09-23 07:50:15
M00441,John,Lee,1952-03-11,M,DE,2023-12-08 15:41:45,2024-08-04 17:34:54
M00442,Mary,Smith,1956-04-02,F,DE,2023-02-18 14:42:44,2024-03-05 11:33:21
M00443,Susan,Williams,1961-11-28,F,NJ,2023-05-04 07:44:55,2023-09-19 12:48:07
M00444,Barbara,White,2000-05-01,F,NJ,2023-12-30 18:10:56,2024-06-19 07:59:02
M00445,Linda,Lee,2009-01-26,F,DE,2023-09-19 18:34:04,2024-01-22 17:19:57
M00446,Barbara,Anderson,1938-11-26,F,NJ,2023-12-28 09:22:17,2024-04-08 13:40:21
M00447,Barbara,Miller,1938-01-23,F,NJ,2023-09-06 13:59:50,2024-05-23 10:08:21
M00448,Christopher,Smith,2010-03-12,M,NJ,2023-12-20 12:57:38,2024-07-20 08:47:01
M00449,John,Anderson,1941-08-13,M,DE,2023-09-22 18:47:19,2024-03-29 12:35:32
M00450,Sarah,Martin,2010-01-07,F,DE,2023-05-28 09:24:32,2024-02-08 15:58:41
M00451,John,Patel,1936-03-28,M,NJ,2023-01-26 07:18:05,2024-01-11 09:11:03
M00452,Jennifer,Thomas,2006-10-24,F,DE,2023-02-06 11:12:16,2023-04-23 10:51:51
M00453,Linda,Thomas,1949-03-14,F,PA,2023-12-05 11:50:26,2025-05-11 15:17:09
M00454,Elizabeth,Jones,1964-07-16,F,NY,2023-12-08 12:36:11,2025-01-31 15:32:39
M00455,William,Taylor,1950-03-24,M,DE,2023-12-23 16:33:40,2025-04-27 07:55:22
M00456,William,Taylor,1966-09-24,M,PA,2023-11-18 09:51:03,2023-11-24 08:58:30
M00457,Joseph,Thomas,1955-05-01,M,NY,2023-01-22 10:08:39,2023-10-03 18:01:31
M00458,Richard,Rodriguez,2000-03-21,M,PA,2023-05-28 15:22:57,2024-03-02 10:43:56
M00459,John,Martin,1967-01-05,M,NJ,2023-12-21 12:41:43,2026-02-12 16:16:52
M00460,Grace,Taylor,2013-04-07,F,PA,2023-07-24 12:50:34,2024-10-02 15:10:30
M00461,Anthony,Jones,2006-01-17,M,PA,2023-10-16 09:13:37,2024-06-15 12:05:21
M00462,Thomas,Moore,2003-06-25,M,PA,2023-12-16 13:10:54,2024-12-21 10:35:02
M00463,Mary,Martin,2013-04-22,F,PA,2023-12-07 09:02:03,2025-01-27 07:32:56
M00464,Barbara,Davis,2014-04-11,F,PA,2023-12-24 13:27:21,2025-10-05 18:39:40
M00465,James,Jackson,1948-07-12,M,DE,2023-05-19 14:36:02,2023-12-15 15:26:38
M00466,Amanda,Martinez,1974-12-20,F,NJ,2023-12-27 10:20:26,2025-09-14 18:16:38
M00467,David,White,1947-11-26,M,NJ,2023-11-05 17:57:47,2024-09-15 09:34:09
M00468,Jennifer,Martinez,1952-01-25,F,DE,2023-03-23 08:52:56,2024-11-10 14:49:44
M00469,Nancy,Patel,1967-01-10,F,NY,2023-12-04 14:32:20,2024-05-22 15:34:24
M00470,James,Garcia,1959-10-01,M,NY,2023-09-21 12:59:24,2025-04-02 10:51:46
M00471,Mary,Park,1998-03-12,F,NY,2023-01-21 15:18:35,2023-09-01 10:18:47
M00472,Grace,Brown,2015-02-06,F,NY,2023-10-17 13:09:37,2025-03-13 17:58:32
M00473,Karen,Johnson,2000-11-03,F,NJ,2023-02-28 15:17:15,2023-07-10 09:08:13
M00474,James,Miller,2007-08-15,M,NJ,2023-12-16 16:13:30,2024-05-03 18:19:48
M00475,Michael,Kim,1992-05-28,M,NJ,2023-11-27 18:10:10,2023-12-25 10:40:06
M00476,Karen,Jackson,1993-03-21,F,NY,2023-12-21 12:00:43,2025-07-01 14:41:46
M00477,Robert,Moore,1940-02-26,M,DE,2023-12-10 17:57:46,2024-04-15 13:58:15
M00478,Joseph,Smith,1988-08-20,M,PA,2023-11-19 10:30:35,2024-11-03 12:11:36
M00479,Susan,Thomas,1985-08-11,F,NY,2023-11-17 13:18:31,2024-01-13 13:09:17
M00480,Michael,Jones,1943-05-21,M,PA,2023-01-20 08:04:33,2023-06-28 16:33:02
M00481,Barbara,Anderson,2008-01-11,F,PA,2023-11-22 15:18:48,2025-03-14 17:44:15
M00482,Amanda,Johnson,1955-08-20,F,DE,2023-09-22 16:43:47,2025-01-23 08:36:15
M00483,Thomas,Wilson,1985-03-06,M,NY,2023-10-12 18:39:18,2024-10-16 09:45:26
M00484,Jessica,Brown,1957-09-09,F,NY,2023-01-10 12:11:36,2024-08-03 15:48:30
M00485,Amanda,Williams,1991-06-03,F,NY,2023-08-22 18:37:20,2024-10-05 11:49:29
M00486,Thomas,Miller,1945-12-18,M,PA,2023-03-03 18:33:55,2024-09-09 12:18:21
M00487,Betty,Garcia,1989-05-16,F,NJ,2023-11-19 11:16:55,2024-06-10 09:17:22
M00488,Anthony,Patel,1966-06-22,M,PA,2023-09-06 14:57:22,2024-12-01 14:16:15
M00489,Michael,Kim,2015-11-01,M,NJ,2023-12-30 09:40:24,2025-05-19 08:24:49
M00490,Christopher,Moore,1994-03-19,M,PA,2023-01-16 14:43:47,2023-03-24 09:14:17
M00491,Richard,Chen,1940-05-19,M,NY,2023-08-22 08:44:40,2025-03-21 09:29:59
M00492,David,Martin,1937-10-03,M,NY,2023-09-15 15:45:16,2023-10-06 11:41:52
M00493,William,Chen,1955-10-04,M,PA,2023-12-29 11:12:38,2024-07-24 10:12:01
M00494,Charles,Garcia,2013-11-23,M,PA,2023-11-24 16:22:10,2025-01-01 14:30:52
M00495,Elizabeth,Williams,2002-06-04,F,NJ,2023-05-20 15:04:50,2024-03-22 08:14:26
M00496,William,Jackson,1978-07-24,M,NY,2023-09-13 17:36:13,2024-02-25 15:47:29
M00497,Anthony,White,1986-12-19,M,NJ,2023-02-23 08:19:48,2023-09-25 18:08:22
M00498,Susan,Jones,2004-12-16,F,NJ,2023-12-11 17:13:32,2024-09-27 09:06:33
M00499,Mark,Smith,2007-03-22,M,PA,2023-04-25 17:57:06,2023-09-27 07:01:41
M00500,Patricia,Garcia,1948-07-12,F,DE,2023-12-25 15:55:14,2025-05-24 09:54:36
M00501,Grace,Jackson,1943-02-04,F,PA,2023-12-01 13:01:58,2025-02-10 08:35:25
M00502,Linda,Miller,2015-04-17,F,NJ,2023-02-03 08:36:17,2024-09-24 13:11:19
M00503,Charles,Chen,1947-02-05,M,NJ,2023-11-19 12:55:37,2025-01-23 15:27:31
M00504,Betty,Brown,1939-05-03,F,DE,2023-11-21 18:33:47,2024-01-26 09:56:23
M00505,James,Garcia,1947-03-09,M,NY,2023-11-24 10:19:19,2025-09-03 10:25:10
M00506,Thomas,Lee,1991-10-22,M,NJ,2023-12-19 13:15:35,2024-09-19 18:50:30
M00507,Kevin,Williams,1966-05-08,M,NY,2023-08-09 13:54:58,2024-03-25 13:49:38
M00508,Robert,Johnson,1936-05-13,M,NJ,2023-09-28 09:13:51,2024-06-29 10:37:05
M00509,James,Kim,1971-08-13,M,DE,2023-11-20 10:02:07,2024-10-06 10:06:55
M00510,William,Martin,1983-10-20,M,PA,2023-10-16 11:45:31,2025-04-29 16:05:20
M00511,Sarah,Chen,1970-10-27,F,NY,2023-11-17 13:35:34,2025-01-27 12:23:30
M00512,Christopher,Jones,1969-09-22,M,NY,2023-12-02 15:15:28,2025-03-24 09:26:15
M00513,Emily,Thomas,1989-07-13,F,NY,2023-12-13 09:25:47,2025-02-12 17:33:08
M00514,Robert,Thomas,2009-01-23,M,NJ,2023-07-23 11:03:33,2023-11-18 09:54:10
M00515,Sarah,Jackson,1971-05-29,F,DE,2023-11-29 17:41:27,2025-02-24 09:18:28
M00516,Kevin,Moore,1986-10-30,M,PA,2023-01-01 17:00:18,2024-04-29 12:40:21
M00517,Nancy,Moore,1988-02-20,F,PA,2023-12-20 08:48:50,2024-09-21 18:45:43
M00518,Thomas,Rodriguez,1998-11-22,M,NJ,2023-03-07 15:54:44,2024-04-12 16:03:37
M00519,David,Patel,1991-06-03,M,DE,2023-08-17 09:46:16,2024-05-14 12:47:22
M00520,Robert,Wilson,1986-03-14,M,NY,2023-08-15 16:48:46,2024-01-07 11:08:02
M00521,Linda,Jackson,1982-04-28,F,NY,2023-06-23 17:53:52,2024-07-01 13:37:53
M00522,Grace,Moore,2008-09-25,F,PA,2023-12-14 14:38:50,2024-10-14 11:10:55
M00523,Patricia,Chen,1969-03-16,F,PA,2023-12-28 14:08:09,2025-03-19 10:56:17
M00524,Barbara,Jackson,1968-08-27,F,DE,2023-04-16 09:39:33,2024-04-23 07:58:57
M00525,Richard,Martinez,1994-05-31,M,NJ,2023-04-01 08:59:26,2024-01-07 11:27:50
M00526,Amanda,Wilson,1975-04-24,F,NJ,2023-11-18 12:40:13,2024-10-29 14:04:09
M00527,Jessica,Wilson,1996-01-09,F,PA,2023-05-14 09:57:24,2024-05-23 10:54:29
M00528,David,Smith,1981-12-15,M,NJ,2023-12-15 15:45:43,2025-01-08 16:56:44
M00529,Charles,Garcia,1986-03-09,M,PA,2023-09-23 10:13:37,2023-11-21 15:40:17
M00530,David,Nguyen,1964-01-26,M,DE,2023-09-19 15:24:22,2024-05-23 12:56:40
M00531,John,Chen,2012-01-21,M,PA,2023-04-01 17:13:58,2023-10-24 08:01:52
M00532,Barbara,Johnson,1938-12-09,F,DE,2023-12-24 13:06:01,2025-04-17 14:07:21
M00533,Linda,Park,1973-08-30,F,NY,2023-09-20 14:45:33,2024-09-14 09:05:06
M00534,Daniel,Miller,2011-05-30,M,NJ,2023-12-20 17:15:53,2024-03-21 16:03:22
M00535,Richard,Wilson,1942-03-04,M,DE,2023-12-30 08:07:09,2025-04-24 10:49:41
M00536,Charles,Taylor,2015-11-11,M,DE,2023-01-27 18:57:13,2023-05-17 18:06:55
M00537,Jessica,Garcia,1997-11-19,F,DE,2023-12-16 17:14:54,2025-05-20 10:44:44
M00538,Thomas,Smith,1970-09-03,M,NY,2023-12-24 12:21:47,2024-10-03 15:24:02
M00539,Sarah,Kim,1971-01-14,F,DE,2023-02-11 10:59:20,2023-12-09 15:59:11
M00540,Anthony,Williams,1945-08-06,M,NJ,2023-04-03 15:44:43,2023-11-15 14:17:09
M00541,Charles,Nguyen,1979-08-01,M,NY,2023-04-01 14:45:56,2023-11-07 14:34:33
M00542,Anthony,Johnson,1998-10-17,M,NY,2023-12-10 17:49:02,2025-04-17 15:38:31
M00543,William,Kim,1971-07-05,M,NJ,2023-02-21 11:07:34,2023-07-20 09:01:17
M00544,David,Williams,1951-09-13,M,DE,2023-10-09 11:10:58,2025-03-24 14:23:36
M00545,Richard,Wilson,1957-11-17,M,NJ,2023-11-02 17:56:15,2025-05-24 12:01:36
M00546,Anthony,Park,1962-07-12,M,PA,2023-11-08 16:43:12,2024-07-19 12:09:07
M00547,Mary,Miller,1962-05-12,F,DE,2023-07-26 11:27:49,2023-12-07 09:55:56
M00548,John,Lee,1993-11-18,M,NY,2023-12-13 15:33:19,2026-01-02 10:36:56
M00549,James,Anderson,1975-12-13,M,DE,2023-02-22 07:56:20,2024-01-09 14:26:32
M00550,David,Davis,1985-09-06,M,PA,2023-11-28 17:29:32,2024-01-03 14:57:08
M00551,Richard,White,1952-12-28,M,NY,2023-08-03 13:12:24,2024-11-10 10:31:45
M00552,Jennifer,Chen,2013-10-10,F,NJ,2023-07-28 07:03:58,2023-09-25 13:40:01
M00553,Jennifer,Smith,1947-04-17,F,DE,2023-03-15 11:15:34,2024-08-05 12:39:45
M00554,Sarah,Garcia,1954-10-23,F,NY,2023-10-29 07:44:08,2024-06-01 18:26:33
M00555,Patricia,Miller,1981-04-24,F,NJ,2023-04-14 14:32:05,2024-08-02 08:45:37
M00556,Emily,Nguyen,1972-03-15,F,NY,2023-08-18 17:53:10,2024-05-07 18:42:11
M00557,Mary,Garcia,2012-11-20,F,PA,2023-02-28 11:07:43,2023-07-14 18:03:21
M00558,Christopher,Kim,2003-01-07,M,PA,2023-08-27 18:31:19,2025-04-14 16:51:32
M00559,Nancy,Miller,1958-02-24,F,NY,2023-11-29 12:17:22,2025-06-12 16:01:15
M00560,Richard,Jones,1970-02-14,M,NY,2023-02-03 15:54:14,2024-01-04 13:55:24
M00561,Joseph,Jones,1993-09-30,M,DE,2023-04-06 08:58:26,2023-10-25 13:18:54
M00562,Mary,Lee,1964-11-21,F,NY,2023-11-25 12:49:33,2024-06-12 14:14:45
M00563,Robert,Martinez,1993-11-11,M,PA,2023-12-22 17:33:57,2025-12-10 12:24:14
M00564,Michael,Patel,1936-08-05,M,PA,2023-12-25 09:57:53,2024-08-26 14:59:16
M00565,John,Patel,1988-08-17,M,NY,2023-04-01 11:00:41,2023-10-24 16:14:16
M00566,Charles,Thomas,1986-12-04,M,NJ,2023-11-04 07:24:09,2023-12-07 15:59:07
M00567,Daniel,Martinez,1965-11-20,M,NY,2023-07-19 08:51:11,2023-12-21 17:03:58
M00568,Jessica,Davis,1964-11-20,F,PA,2023-12-25 18:45:32,2025-03-29 08:14:24
M00569,Christopher,Williams,1951-01-17,M,NJ,2023-04-23 11:04:35,2024-02-22 11:06:30
M00570,Karen,Park,2002-01-05,F,NJ,2023-04-26 11:36:34,2023-10-08 18:45:44
M00571,Charles,Brown,1938-01-10,M,NY,2023-02-10 09:32:04,2024-07-19 13:33:53
M00572,Barbara,White,1972-04-05,F,PA,2023-12-28 11:50:25,2024-03-15 07:12:32
M00573,James,Moore,1950-03-23,M,PA,2023-04-03 11:11:15,2024-03-07 09:11:09
M00574,Patricia,Davis,1948-05-15,F,NY,2023-09-25 17:39:18,2023-12-30 18:52:40
M00575,Sarah,Brown,1979-07-06,F,DE,2023-10-04 14:11:57,2025-04-04 08:34:56
M00576,Sarah,Johnson,1957-01-24,F,PA,2023-06-17 17:53:04,2025-01-19 18:22:34
M00577,Sarah,Miller,1952-09-26,F,NY,2023-10-18 07:15:19,2024-12-04 13:54:24
M00578,Betty,Brown,2000-03-08,F,NJ,2023-12-16 16:22:13,2025-01-28 09:20:41
M00579,Michael,Martin,1939-10-25,M,NJ,2023-12-17 12:32:36,2025-12-20 13:48:40
M00580,Nancy,Rodriguez,2002-04-16,F,DE,2023-06-25 16:06:46,2023-11-29 13:40:26
M00581,Elizabeth,Taylor,1970-04-13,F,NJ,2023-12-11 17:57:13,2024-10-04 08:46:37
M00582,Linda,Thomas,1994-07-24,F,NY,2023-08-11 18:17:24,2024-04-06 07:20:55
M00583,Mary,Miller,1941-07-21,F,PA,2023-12-12 08:49:44,2024-03-21 13:12:05
M00584,Charles,Garcia,1965-09-09,M,PA,2023-03-28 17:03:51,2024-07-12 14:11:29
M00585,Robert,Davis,1971-12-17,M,NY,2023-12-09 13:07:24,2024-03-25 14:57:29
M00586,Michael,Miller,1948-07-26,M,PA,2023-12-19 12:42:35,2024-05-10 17:33:12
M00587,Christopher,Patel,1998-07-28,M,DE,2023-03-10 15:05:39,2023-03-12 10:53:38
M00588,Amanda,Thomas,1982-02-24,F,NY,2023-12-04 12:46:14,2024-02-12 13:33:39
M00589,Christopher,Chen,2012-09-30,M,PA,2023-02-21 09:18:42,2024-03-01 16:14:24
M00590,Daniel,White,1987-04-14,M,NY,2023-06-16 13:51:17,2024-11-01 18:52:21
M00591,Kevin,Nguyen,1958-04-06,M,DE,2023-11-07 18:57:01,2023-12-31 18:49:26
M00592,Kevin,Taylor,1969-08-12,M,NJ,2023-12-04 11:52:12,2025-04-11 09:17:34
M00593,Linda,Miller,2005-04-05,F,NY,2023-09-16 07:24:35,2024-05-10 11:55:43
M00594,Mark,Jackson,2013-09-23,M,DE,2023-11-19 09:09:12,2025-12-28 08:46:20
M00595,Nancy,Park,1994-07-15,F,NJ,2023-12-28 12:16:08,2025-01-24 15:13:48
M00596,Christopher,Martinez,1955-06-27,M,PA,2023-12-14 07:23:18,2025-02-22 15:34:50
M00597,Betty,Patel,1978-11-16,F,DE,2023-01-17 12:54:43,2023-05-10 12:47:57
M00598,John,Kim,1989-04-03,M,NJ,2023-11-03 07:24:36,2025-02-13 09:08:17
M00599,Karen,Johnson,1966-09-25,F,PA,2023-12-11 16:51:17,2025-05-30 14:00:48
M00600,Emily,Nguyen,1942-11-22,F,NY,2023-10-05 16:04:47,2024-04-13 16:53:05
M00601,Richard,Garcia,1945-10-30,M,PA,2023-08-10 12:10:22,2023-09-21 09:49:59
M00602,Jennifer,Davis,1964-11-04,F,DE,2023-06-04 13:32:48,2024-06-09 13:11:02
M00603,Betty,Wilson,1962-09-07,F,NY,2023-11-29 14:23:13,2025-04-17 17:45:42
M00604,James,Garcia,1970-01-27,M,NY,2023-12-14 13:32:29,2024-07-02 10:21:10
M00605,Daniel,Brown,1975-10-13,M,NY,2023-09-14 13:11:32,2024-09-08 08:04:57
M00606,Robert,Wilson,2002-08-02,M,DE,2023-09-17 07:29:04,2024-11-16 13:13:05
M00607,Elizabeth,Jackson,1958-11-23,F,NJ,2023-10-30 13:26:06,2024-11-03 11:30:20
M00608,Barbara,Martin,1993-09-22,F,NJ,2023-12-12 10:59:02,2025-10-12 18:39:00
M00609,Richard,Nguyen,2013-07-09,M,NY,2023-05-02 09:26:54,2024-11-22 13:11:03
M00610,William,Patel,2000-05-22,M,NJ,2023-12-19 09:28:50,2024-05-19 15:26:01
M00611,Michael,Taylor,2014-12-21,M,DE,2023-10-05 08:06:30,2024-02-29 17:23:00
M00612,Elizabeth,Anderson,1950-07-28,F,DE,2023-10-15 11:06:18,2024-06-18 14:14:15
M00613,Christopher,Jackson,1984-03-07,M,DE,2023-11-22 10:21:28,2024-05-18 15:46:42
M00614,William,Garcia,1998-09-02,M,NJ,2023-11-17 11:37:05,2024-10-14 07:07:27
M00615,Betty,Jones,2006-03-15,F,NJ,2023-11-21 15:25:54,2025-06-19 07:23:00
M00616,Jennifer,Jackson,1949-07-19,F,NJ,2023-11-12 07:00:28,2025-04-28 17:57:21
M00617,Amanda,Lee,1987-09-08,F,PA,2023-11-01 08:24:05,2024-11-27 10:44:27
M00618,Karen,Kim,1962-10-04,F,DE,2023-12-09 12:18:29,2024-11-19 08:41:50
M00619,Richard,Kim,1944-09-22,M,DE,2023-09-24 18:28:22,2024-09-28 08:39:06
M00620,Mark,Thomas,1958-12-10,M,DE,2023-04-26 14:24:00,2023-11-20 15:41:38
M00621,Mary,Jones,1992-02-27,F,DE,2023-06-13 14:32:18,2024-04-30 09:01:57
M00622,David,Park,1994-05-02,M,DE,2023-11-19 10:55:07,2024-05-14 13:16:35
M00623,David,Nguyen,1982-06-28,M,NJ,2023-10-23 14:09:01,2024-02-24 11:08:45
M00624,Karen,Lee,1982-09-30,F,NY,2023-11-09 14:11:31,2024-11-05 12:04:18
M00625,Patricia,Thomas,2014-06-23,F,NJ,2023-03-13 16:18:31,2024-09-24 18:44:10
M00626,Kevin,Moore,1962-07-16,M,DE,2023-06-19 07:47:26,2023-12-16 10:11:46
M00627,Richard,Patel,1970-05-23,M,PA,2023-12-16 17:21:27,2025-01-28 12:41:07
M00628,Sarah,White,2012-08-08,F,PA,2023-07-10 12:12:53,2023-12-03 10:07:52
M00629,Daniel,Williams,1946-12-25,M,NJ,2023-08-07 13:29:54,2024-07-18 15:41:29
M00630,Daniel,Davis,1980-01-18,M,DE,2023-01-04 10:58:34,2024-08-13 11:59:26
M00631,John,Davis,1954-03-12,M,NJ,2023-10-08 18:22:19,2024-02-20 14:50:46
M00632,Kevin,Moore,2015-08-05,M,PA,2023-10-17 13:34:23,2023-11-20 16:14:55
M00633,Emily,Williams,1946-10-11,F,NY,2023-11-26 16:44:54,2024-11-05 16:10:00
M00634,Barbara,Jackson,1955-01-31,F,PA,2023-11-13 18:05:35,2024-02-17 11:20:21
M00635,Patricia,Kim,1937-02-03,F,NJ,2023-12-05 14:06:54,2024-08-25 11:17:50
M00636,David,Wilson,1976-01-25,M,DE,2023-05-23 08:07:52,2024-08-22 13:08:24
M00637,Sarah,Nguyen,1987-12-15,F,DE,2023-02-03 07:49:33,2023-03-15 14:34:28
M00638,William,Wilson,1955-02-20,M,NY,2023-10-29 10:58:12,2024-10-11 13:49:11
M00639,Nancy,Taylor,1984-12-07,F,NY,2023-08-02 14:23:27,2024-05-16 13:42:35
M00640,Christopher,Wilson,2004-10-21,M,DE,2023-06-27 13:49:38,2023-07-26 12:20:33
M00641,Kevin,Williams,1968-08-03,M,DE,2023-03-06 15:01:48,2023-12-11 17:54:47
M00642,Linda,Jackson,1970-01-06,F,PA,2023-12-25 12:20:52,2025-07-31 18:33:34
M00643,Robert,Moore,1982-09-08,M,NY,2023-12-04 14:58:35,2024-08-17 16:50:57
M00644,Michael,Kim,1973-09-11,M,NJ,2023-12-26 15:24:38,2025-07-18 18:12:52
M00645,Amanda,Miller,1971-02-22,F,NJ,2023-06-19 17:54:01,2024-04-03 11:37:02
M00646,Amanda,Rodriguez,1974-05-08,F,PA,2023-07-22 09:00:32,2024-02-08 14:19:05
M00647,Robert,Lee,2002-01-28,M,DE,2023-01-24 17:51:23,2023-02-09 10:14:55
M00648,Barbara,Moore,1936-03-02,F,PA,2023-09-28 10:12:17,2025-04-21 16:29:54
M00649,Mary,White,1966-10-23,F,PA,2023-11-10 14:47:32,2024-02-25 08:55:01
M00650,Amanda,Brown,1972-10-08,F,NJ,2023-01-31 11:58:03,2024-05-10 11:56:19
M00651,Amanda,Patel,2011-12-27,F,NJ,2023-06-07 15:45:11,2024-06-13 09:11:34
M00652,Betty,Jones,1965-04-16,F,PA,2023-11-23 10:19:25,2025-03-24 14:28:06
M00653,Barbara,Rodriguez,1980-07-27,F,NY,2023-12-12 15:44:57,2024-09-04 13:00:58
M00654,Susan,White,1998-09-19,F,NY,2023-10-12 09:39:11,2025-03-26 18:38:33
M00655,John,Smith,2007-11-02,M,NY,2023-12-20 09:37:25,2024-08-07 08:13:13
M00656,James,Smith,2000-04-20,M,DE,2023-12-21 12:48:20,2025-07-21 12:34:18
M00657,Betty,Taylor,2005-01-04,F,PA,2023-02-14 15:10:10,2023-09-10 18:04:40
M00658,Amanda,Moore,1965-05-13,F,NJ,2023-11-25 13:43:29,2025-08-26 09:11:16
M00659,Richard,Brown,1956-11-02,M,NY,2023-07-29 14:52:24,2024-07-26 07:54:03
M00660,Charles,Taylor,1952-12-07,M,NJ,2023-12-30 15:06:18,2025-07-06 15:11:13
M00661,Jennifer,Park,1986-02-25,F,DE,2023-02-25 07:42:14,2024-06-20 18:23:56
M00662,Patricia,Patel,1997-01-31,F,NJ,2023-12-22 17:53:28,2024-09-20 08:47:52
M00663,James,Park,1997-10-10,M,NJ,2023-09-02 16:20:18,2024-04-23 17:15:58
M00664,Christopher,Smith,1956-10-07,M,DE,2023-04-07 10:48:18,2023-10-28 11:26:46
M00665,Mark,Davis,1939-05-15,M,DE,2023-12-14 14:08:37,2024-10-19 11:27:24
M00666,Joseph,Smith,1958-08-04,M,NJ,2023-02-12 13:34:15,2023-07-19 15:26:29
M00667,John,Wilson,2003-02-20,M,PA,2023-04-09 17:58:17,2023-10-17 09:05:34
M00668,Mark,Smith,1944-06-28,M,NJ,2023-12-11 12:29:50,2025-07-01 15:33:47
M00669,Sarah,Thomas,1984-11-14,F,NJ,2023-03-29 17:22:37,2024-08-24 09:10:13
M00670,Richard,Jackson,1994-05-05,M,NY,2023-10-25 12:04:21,2025-02-04 16:27:21
M00671,Christopher,Nguyen,1937-02-27,M,NJ,2023-07-11 14:05:27,2024-12-11 14:33:48
M00672,Patricia,Thomas,1998-07-13,F,PA,2023-08-01 11:35:53,2024-10-13 14:25:41
M00673,Kevin,Davis,1995-10-18,M,NJ,2023-04-07 15:54:00,2023-07-05 08:39:54
M00674,Elizabeth,Martinez,1967-12-24,F,DE,2023-10-08 13:22:07,2024-08-12 09:41:50
M00675,James,Williams,1989-05-28,M,NJ,2023-12-09 11:33:12,2024-06-22 13:49:19
M00676,Richard,Nguyen,1945-03-13,M,NY,2023-08-08 18:27:24,2025-01-21 16:19:06
M00677,Nancy,Johnson,2003-01-21,F,NY,2023-03-23 10:47:24,2023-04-14 18:54:12
M00678,Jennifer,Thomas,2011-04-04,F,DE,2023-11-20 16:55:09,2024-05-12 09:31:57
M00679,Christopher,Martinez,1957-12-01,M,NJ,2023-05-18 12:31:56,2024-01-31 07:27:41
M00680,Jennifer,Nguyen,1964-02-08,F,DE,2023-12-23 10:56:55,2024-05-02 07:18:43
M00681,Christopher,Davis,2003-05-24,M,DE,2023-11-30 15:17:45,2024-09-05 17:12:17
M00682,Linda,Anderson,1983-04-02,F,PA,2023-01-22 08:57:45,2024-01-05 17:22:06
M00683,Christopher,Williams,1935-02-26,M,NJ,2023-09-02 07:55:58,2024-08-17 17:59:43
M00684,Grace,Kim,1938-03-05,F,NJ,2023-11-18 14:37:04,2025-01-26 11:34:27
M00685,Jennifer,Miller,1983-03-15,F,NY,2023-05-05 16:53:54,2024-08-16 09:51:31
M00686,Grace,Miller,1971-07-24,F,PA,2023-12-17 12:35:10,2024-09-14 13:26:13
M00687,Susan,Martin,2002-09-28,F,NY,2023-01-14 11:35:31,2023-10-07 14:13:05
M00688,Emily,White,1989-10-12,F,DE,2023-12-20 16:32:43,2024-09-10 12:41:08
M00689,James,Williams,1957-04-17,M,PA,2023-12-16 07:28:07,2024-09-04 08:36:32
M00690,Karen,Williams,1990-06-20,F,PA,2023-05-26 10:14:14,2023-08-05 18:58:06
M00691,Sarah,Smith,1941-12-28,F,PA,2023-03-07 09:34:35,2023-05-14 18:43:50
M00692,Patricia,White,1941-09-06,F,PA,2023-05-26 09:50:54,2024-12-16 18:14:59
M00693,Betty,Brown,2004-01-11,F,PA,2023-12-29 16:29:01,2024-10-04 17:45:31
M00694,Joseph,White,1970-06-02,M,DE,2023-12-18 13:54:31,2024-08-18 14:03:39
M00695,James,Park,1965-09-17,M,NJ,2023-11-27 14:50:39,2024-06-24 15:29:48
M00696,Daniel,Kim,2011-09-16,M,NJ,2023-08-02 09:45:20,2024-07-26 17:28:38
M00697,Betty,Williams,2010-11-13,F,PA,2023-07-14 07:21:21,2023-09-26 15:51:28
M00698,Mary,Jones,1994-04-27,F,NJ,2023-09-27 08:46:27,2024-03-29 15:41:49
M00699,David,Moore,2010-01-29,M,NY,2023-02-28 15:51:07,2024-03-26 12:56:42
M00700,James,Rodriguez,1940-07-26,M,PA,2023-03-08 13:53:30,2024-01-04 08:48:25
M00701,Barbara,White,1967-08-16,F,PA,2023-06-30 15:54:31,2023-11-18 09:47:18
M00702,Daniel,Brown,1967-11-09,M,NY,2023-06-20 11:37:40,2024-12-06 18:07:45
M00703,Linda,Moore,1960-08-05,F,NY,2023-12-30 15:23:55,2024-02-24 10:42:49
M00704,Linda,Moore,2003-06-03,F,PA,2023-12-05 17:45:00,2025-02-06 16:55:41
M00705,Patricia,Jackson,2013-01-08,F,PA,2023-01-08 08:10:18,2023-02-28 12:51:32
M00706,Jessica,Nguyen,1956-01-25,F,NJ,2023-10-16 11:39:37,2023-11-15 15:30:32
M00707,Emily,Patel,1944-11-09,F,DE,2023-11-22 10:17:51,2025-11-04 09:12:26
M00708,Mark,Garcia,1945-07-26,M,DE,2023-11-26 16:13:10,2025-09-14 12:59:08
M00709,Michael,Williams,1974-07-01,M,PA,2023-03-04 10:08:18,2023-07-03 17:47:20
M00710,Mark,Kim,1974-10-29,M,NJ,2023-12-22 17:03:39,2024-12-25 11:24:36
M00711,Kevin,Miller,1980-09-10,M,NJ,2023-08-16 11:10:09,2024-12-23 10:14:39
M00712,Mary,Davis,1940-05-16,F,PA,2023-11-29 12:24:04,2025-09-06 16:33:41
M00713,Jessica,Rodriguez,1954-01-20,F,DE,2023-04-14 08:47:01,2023-07-08 11:49:18
M00714,Christopher,Nguyen,2005-06-06,M,NJ,2023-05-15 14:43:19,2023-07-30 08:37:56
M00715,Robert,Brown,1953-06-03,M,DE,2023-10-15 18:06:52,2024-10-18 17:39:37
M00716,James,Moore,1958-01-31,M,DE,2023-07-04 18:06:05,2024-12-06 14:14:40
M00717,Grace,Davis,1996-08-16,F,NY,2023-02-02 14:28:31,2024-08-05 17:21:47
M00718,Richard,Kim,1993-06-01,M,PA,2023-12-16 12:01:24,2024-06-05 13:16:54
M00719,James,Thomas,1993-11-22,M,NJ,2023-07-06 10:18:11,2024-02-23 11:05:53
M00720,Elizabeth,Nguyen,1975-04-26,F,NY,2023-08-11 13:37:27,2023-09-16 14:15:20
M00721,Michael,Williams,1962-04-25,M,NJ,2023-11-18 08:15:03,2025-07-07 17:14:14
M00722,Barbara,Patel,1995-12-05,F,NJ,2023-06-19 12:30:45,2023-07-01 08:32:05
M00723,Anthony,White,1977-10-19,M,NY,2023-11-20 09:46:40,2025-06-24 08:32:48
M00724,Nancy,Patel,1990-09-25,F,PA,2023-08-10 13:13:25,2024-02-23 15:29:26
M00725,Linda,Kim,2005-05-14,F,DE,2023-12-14 14:28:40,2025-01-14 13:05:47
M00726,Daniel,Martin,1950-12-04,M,PA,2023-12-18 15:01:02,2025-02-12 16:41:02
M00727,Nancy,Smith,2004-01-31,F,PA,2023-06-15 15:05:00,2024-02-14 16:12:51
M00728,Sarah,Anderson,1989-06-04,F,NY,2023-12-26 08:44:26,2025-08-09 16:17:29
M00729,Patricia,Rodriguez,1958-06-03,F,NY,2023-09-04 14:14:46,2025-04-01 17:15:34
M00730,Charles,Kim,1947-04-19,M,NY,2023-12-06 12:54:57,2024-11-03 07:10:27
M00731,Robert,Taylor,1956-01-08,M,DE,2023-12-22 12:31:03,2024-08-26 12:53:03
M00732,Kevin,Rodriguez,1957-09-18,M,NJ,2023-08-17 11:44:25,2024-01-18 15:19:07
M00733,James,Martinez,1939-08-18,M,PA,2023-12-30 14:33:16,2024-07-06 17:57:16
M00734,Susan,Williams,2002-08-06,F,PA,2023-06-29 07:49:38,2023-11-17 09:04:19
M00735,Patricia,Nguyen,2007-05-28,F,DE,2023-12-02 14:20:14,2026-01-27 13:12:33
M00736,Daniel,Lee,1994-01-16,M,DE,2023-12-16 14:25:32,2026-02-17 08:39:27
M00737,Richard,Garcia,1941-10-27,M,NY,2023-09-17 15:07:49,2025-04-23 07:08:52
M00738,David,Jackson,1971-12-19,M,NJ,2023-12-07 17:06:32,2025-06-30 13:10:35
M00739,Daniel,Kim,1991-01-02,M,DE,2023-12-12 15:47:03,2024-12-01 18:19:06
M00740,Joseph,Kim,1977-08-24,M,DE,2023-12-15 12:12:06,2024-06-16 13:01:25
M00741,Susan,Park,1942-12-24,F,NY,2023-08-01 15:25:41,2025-02-06 10:33:24
M00742,Daniel,Patel,1968-04-07,M,NY,2023-12-29 08:01:38,2025-01-27 09:56:40
M00743,Patricia,Johnson,1954-12-20,F,DE,2023-08-09 08:17:02,2024-05-07 13:07:59
M00744,Jessica,Taylor,1990-04-06,F,PA,2023-11-26 14:37:41,2024-05-24 12:36:36
M00745,Emily,Chen,1986-10-05,F,NY,2023-12-31 18:36:28,2024-12-18 13:15:45
M00746,Daniel,Jackson,2007-10-16,M,DE,2023-12-09 13:09:29,2024-05-26 12:52:28
M00747,Nancy,Anderson,1968-03-02,F,NY,2023-04-30 07:36:44,2024-02-23 13:35:58
M00748,Amanda,Martinez,1998-03-28,F,NY,2023-07-21 13:24:24,2024-08-02 18:33:00
M00749,Anthony,Jackson,2008-09-15,M,NY,2023-03-08 11:51:20,2024-06-15 11:39:40
M00750,Susan,White,2015-06-25,F,NJ,2023-01-16 13:58:20,2024-07-16 09:41:27
M00751,Robert,Martin,1941-04-14,M,NJ,2023-01-05 09:37:57,2023-07-01 08:38:34
M00752,David,Martin,1950-07-29,M,NJ,2023-08-24 07:24:23,2024-02-18 08:31:19
M00753,Mark,Williams,1937-02-23,M,NY,2023-04-27 07:19:48,2023-07-20 08:47:03
M00754,Thomas,Lee,1977-02-25,M,PA,2023-12-10 13:32:35,2024-02-23 12:51:25
M00755,William,Johnson,1972-06-11,M,PA,2023-12-03 09:59:19,2025-01-24 11:25:03
M00756,Robert,Thomas,1949-07-29,M,PA,2023-09-29 13:55:51,2023-12-31 17:56:20
M00757,Thomas,Patel,1946-10-27,M,NY,2023-12-03 14:58:04,2024-11-16 10:44:32
M00758,Nancy,Martin,1989-04-17,F,DE,2023-02-22 12:24:09,2023-07-29 10:58:53
M00759,Elizabeth,Williams,1961-06-24,F,NJ,2023-01-18 14:51:04,2023-09-09 07:15:50
M00760,Christopher,Martin,1940-11-20,M,DE,2023-06-05 14:20:02,2023-12-17 16:35:49
M00761,Nancy,Jackson,2005-12-27,F,DE,2023-08-25 18:00:05,2023-11-28 08:26:32
M00762,Mark,Taylor,1947-05-26,M,NJ,2023-01-14 12:38:56,2023-07-30 11:19:11
M00763,Amanda,Rodriguez,2010-05-10,F,PA,2023-11-18 09:45:11,2024-12-15 18:30:44
M00764,Linda,White,1999-12-29,F,NY,2023-02-28 17:03:29,2023-03-31 17:41:30
M00765,Grace,Martin,1981-01-02,F,NY,2023-10-25 07:34:31,2024-05-28 08:36:13
M00766,Elizabeth,Jackson,2015-11-27,F,NY,2023-07-08 10:14:22,2024-02-02 08:01:18
M00767,Joseph,Kim,1949-02-11,M,DE,2023-03-05 18:49:04,2023-10-22 07:22:16
M00768,Mary,Thomas,1963-04-20,F,NJ,2023-12-09 13:04:31,2025-04-28 17:01:34
M00769,Thomas,Davis,1961-04-30,M,NY,2023-02-20 11:29:51,2024-01-18 15:58:24
M00770,James,Miller,1991-06-21,M,NJ,2023-09-09 18:58:56,2024-12-24 14:48:12
M00771,Anthony,Lee,2005-06-05,M,PA,2023-11-20 10:45:18,2025-11-17 18:30:41
M00772,Daniel,Williams,2004-07-26,M,DE,2023-03-18 13:34:07,2023-07-04 15:37:19
M00773,Christopher,Jackson,1978-05-19,M,DE,2023-03-10 07:50:46,2023-11-23 09:39:19
M00774,Amanda,Martin,1963-07-21,F,DE,2023-11-23 14:02:46,2025-07-05 15:00:18
M00775,Patricia,Nguyen,2004-12-15,F,PA,2023-11-19 16:40:37,2024-01-10 08:24:25
M00776,John,Williams,1946-12-08,M,NJ,2023-02-08 10:30:56,2024-08-31 15:15:31
M00777,Susan,Wilson,1961-11-29,F,NY,2023-03-12 13:44:56,2024-02-23 08:28:19
M00778,Mary,Martinez,1970-05-03,F,NJ,2023-04-07 16:17:25,2023-05-29 15:13:41
M00779,Jennifer,Anderson,1997-10-24,F,NY,2023-03-14 11:09:42,2024-01-31 07:28:18
M00780,Amanda,Chen,1956-07-02,F,PA,2023-06-27 15:41:21,2024-07-27 07:29:50
M00781,Sarah,Brown,1946-01-22,F,PA,2023-09-06 15:13:04,2024-12-18 12:36:57
M00782,Linda,Garcia,2001-06-12,F,DE,2023-11-22 16:11:19,2025-05-29 11:44:16
M00783,Kevin,Miller,1970-04-11,M,NJ,2023-07-26 18:01:14,2023-12-05 13:59:38
M00784,Christopher,Davis,2012-10-26,M,PA,2023-11-24 12:49:43,2025-05-21 11:18:32
M00785,Anthony,Thomas,1981-01-03,M,PA,2023-12-17 15:57:05,2024-09-24 10:58:52
M00786,Daniel,Chen,1950-07-03,M,NJ,2023-12-16 17:25:45,2024-06-25 11:39:18
M00787,Barbara,Smith,2012-06-05,F,NJ,2023-08-26 11:35:19,2025-04-05 10:51:32
M00788,Linda,Kim,2015-09-09,F,PA,2023-02-08 09:46:10,2024-01-08 08:15:29
M00789,Richard,Park,1962-01-20,M,NJ,2023-12-19 12:12:29,2025-01-14 08:00:27
M00790,Amanda,Moore,1955-05-19,F,NJ,2023-01-13 16:38:39,2024-03-08 11:58:48
M00791,Nancy,Martinez,2014-10-20,F,PA,2023-06-25 17:57:17,2023-11-26 16:43:37
M00792,John,Davis,1969-02-24,M,NJ,2023-12-02 15:09:00,2025-01-31 17:46:06
M00793,Betty,Jones,1965-12-23,F,DE,2023-06-26 08:08:00,2024-05-18 18:05:44
M00794,Christopher,White,1965-06-10,M,PA,2023-12-19 16:25:56,2025-08-11 07:13:06
M00795,Patricia,Brown,1967-05-19,F,NJ,2023-09-13 14:58:37,2023-11-17 07:06:15
M00796,Barbara,Williams,2006-06-18,F,DE,2023-01-27 14:10:58,2023-09-16 12:44:50
M00797,Anthony,Nguyen,2001-06-27,M,PA,2023-02-23 15:45:27,2023-09-14 11:23:24
M00798,Elizabeth,Moore,2006-12-27,F,PA,2023-11-29 15:52:28,2025-05-25 07:52:39
M00799,Kevin,Lee,2015-09-18,M,NJ,2023-12-20 17:10:00,2024-11-03 17:20:07
M00800,James,Jackson,1978-06-04,M,NY,2023-11-28 09:47:46,2025-06-01 17:16:51
M00801,Barbara,Jackson,1953-09-12,F,NJ,2023-12-06 14:18:20,2025-07-15 09:29:17
M00802,Emily,Jones,1976-05-28,F,NJ,2023-12-08 10:03:07,2024-04-11 10:40:58
M00803,Nancy,Wilson,1951-06-29,F,NJ,2023-12-25 12:37:28,2025-04-13 10:28:57
M00804,Barbara,White,1954-12-12,F,NY,2023-03-01 14:21:51,2023-10-11 07:24:23
M00805,Michael,Kim,1969-02-22,M,PA,2023-03-20 12:21:36,2024-05-19 13:56:13
M00806,Sarah,Wilson,1981-04-02,F,NY,2023-07-11 15:22:42,2024-11-25 11:57:53
M00807,Betty,Garcia,1989-04-07,F,NJ,2023-12-12 10:29:38,2025-08-19 18:33:21
M00808,Barbara,Johnson,1993-04-01,F,NY,2023-04-26 08:24:03,2024-11-28 14:20:34
M00809,Anthony,Martin,1980-04-18,M,DE,2023-01-24 16:45:19,2024-06-21 09:11:10
M00810,John,Moore,1948-11-08,M,NJ,2023-08-07 08:20:44,2024-01-01 15:53:43
M00811,Karen,Rodriguez,1973-01-09,F,DE,2023-05-20 09:28:15,2024-02-09 07:57:29
M00812,Mary,Williams,1954-06-02,F,PA,2023-12-19 09:33:07,2025-10-01 13:25:43
M00813,Sarah,Rodriguez,1999-04-26,F,NY,2023-06-19 10:11:48,2024-02-16 15:23:04
M00814,Charles,White,1955-10-30,M,DE,2023-06-29 08:29:11,2024-01-21 15:10:44
M00815,Nancy,Chen,1998-11-19,F,DE,2023-08-10 07:09:40,2024-05-15 07:39:43
M00816,Anthony,Williams,1935-02-26,M,NY,2023-12-26 09:02:46,2024-06-25 18:20:05
M00817,Grace,Miller,1963-09-14,F,DE,2023-12-17 14:08:54,2024-10-08 14:40:32
M00818,Linda,Garcia,2003-10-10,F,PA,2023-09-09 08:09:39,2024-03-30 13:55:20
M00819,Elizabeth,Garcia,1990-06-18,F,DE,2023-11-28 16:01:17,2025-01-26 18:25:47
M00820,Charles,Kim,1942-08-16,M,PA,2023-05-26 13:13:47,2023-12-09 17:00:30
M00821,Nancy,Nguyen,1951-06-22,F,DE,2023-12-20 14:57:14,2025-07-07 09:14:38
M00822,Michael,Patel,1959-11-10,M,NY,2023-12-14 15:48:43,2025-10-09 12:02:30
M00823,Emily,Park,1955-11-24,F,DE,2023-03-17 17:19:03,2024-03-11 07:47:03
M00824,William,Lee,1944-01-05,M,NY,2023-12-29 11:05:22,2025-03-08 10:43:10
M00825,Anthony,White,1976-09-28,M,PA,2023-01-07 13:22:10,2023-02-18 09:13:03
M00826,Karen,Martinez,1980-08-27,F,NJ,2023-12-06 16:07:10,2025-05-03 12:36:51
M00827,Daniel,Park,1996-08-03,M,NY,2023-05-29 13:22:30,2024-06-06 17:59:44
M00828,Sarah,Park,1965-07-05,F,PA,2023-06-10 07:59:03,2024-12-23 18:51:27
M00829,Karen,Kim,1945-05-10,F,DE,2023-05-20 13:34:01,2023-06-16 17:27:22
M00830,Thomas,Smith,1979-06-22,M,PA,2023-10-09 18:30:27,2024-10-15 09:06:23
M00831,William,Rodriguez,1992-05-05,M,PA,2023-12-02 17:39:53,2024-08-30 10:52:32
M00832,Robert,Lee,1936-07-03,M,PA,2023-11-24 11:48:56,2025-02-15 07:34:15
M00833,Nancy,Patel,2014-12-17,F,DE,2023-12-07 16:41:32,2024-09-26 07:46:40
M00834,Michael,Johnson,1936-12-13,M,NY,2023-03-19 12:38:18,2023-10-02 12:55:00
M00835,Mary,Chen,1962-11-29,F,NJ,2023-08-22 07:09:31,2024-04-02 10:37:16
M00836,Sarah,Anderson,2000-10-18,F,NY,2023-04-20 09:48:00,2023-09-14 14:30:52
M00837,Kevin,Patel,1973-12-09,M,DE,2023-07-17 12:47:14,2023-08-26 14:05:54
M00838,Elizabeth,Johnson,1943-05-11,F,NJ,2023-07-03 08:21:57,2023-11-09 15:05:13
M00839,James,Kim,1949-05-24,M,NJ,2023-05-08 11:23:04,2023-06-16 09:21:22
M00840,Jennifer,Miller,1976-07-27,F,NY,2023-06-15 15:37:00,2023-10-02 12:01:04
M00841,William,Park,1967-05-10,M,PA,2023-05-04 15:41:44,2024-07-21 10:34:01
M00842,James,Jackson,1975-01-10,M,NY,2023-08-27 18:45:59,2025-01-02 14:58:44
M00843,Grace,White,1951-02-20,F,DE,2023-06-05 18:23:34,2024-05-29 13:07:35
M00844,Sarah,Taylor,1982-07-27,F,DE,2023-02-04 09:36:31,2024-04-29 10:50:30
M00845,Daniel,Park,1974-05-20,M,NJ,2023-01-24 09:15:31,2024-01-04 15:56:18
M00846,Jessica,Garcia,2005-07-23,F,NY,2023-12-02 15:15:04,2024-11-04 08:07:49
M00847,Christopher,Martin,1996-12-18,M,PA,2023-01-05 10:05:33,2024-05-31 15:47:50
M00848,Richard,White,1972-02-25,M,PA,2023-07-13 14:44:41,2025-02-15 07:06:44
M00849,Betty,Park,1978-01-09,F,PA,2023-06-15 11:03:38,2024-05-03 14:43:55
M00850,Emily,Kim,1953-12-04,F,PA,2023-01-05 10:01:44,2024-08-20 16:18:16
M00851,Charles,Anderson,2006-11-13,M,PA,2023-12-11 07:45:43,2024-05-21 11:33:53
M00852,Mark,Johnson,2012-01-06,M,DE,2023-03-26 17:12:24,2024-08-10 16:36:57
M00853,Susan,Martinez,2003-04-12,F,NJ,2023-03-26 18:07:35,2024-11-02 17:44:40
M00854,Richard,Rodriguez,1942-10-30,M,DE,2023-05-17 16:36:05,2023-08-30 15:13:17
M00855,Kevin,Nguyen,1974-08-20,M,NJ,2023-09-20 16:07:19,2023-12-12 14:42:56
M00856,Michael,Williams,1938-03-15,M,PA,2023-11-26 13:28:04,2025-03-22 11:03:03
M00857,Mark,Wilson,2005-02-28,M,PA,2023-12-09 15:37:59,2024-08-12 18:27:58
M00858,Daniel,Martin,1975-12-06,M,NJ,2023-11-22 16:04:53,2025-01-05 08:39:11
M00859,Mary,Thomas,1939-02-27,F,PA,2023-05-29 08:24:49,2024-03-26 17:23:34
M00860,David,Wilson,1992-02-19,M,DE,2023-12-29 10:35:01,2024-10-02 08:05:55
M00861,Robert,Johnson,1977-11-16,M,DE,2023-01-27 09:50:22,2023-04-25 17:57:06
M00862,Kevin,Martinez,1988-11-22,M,NY,2023-12-04 13:55:30,2024-07-16 09:19:29
M00863,Nancy,Wilson,1947-04-04,F,PA,2023-05-03 14:01:12,2023-11-09 10:55:19
M00864,Jessica,Davis,1949-09-25,F,PA,2023-06-17 08:52:35,2024-01-31 16:51:49
M00865,Mark,Thomas,1940-06-19,M,NJ,2023-08-15 10:24:41,2024-01-26 14:31:44
M00866,Karen,Nguyen,1991-08-05,F,NJ,2023-11-28 17:36:43,2025-07-26 09:58:46
M00867,Daniel,Johnson,1972-05-08,M,NY,2023-12-16 13:45:06,2025-03-11 10:29:02
M00868,Nancy,Wilson,1993-07-18,F,PA,2023-12-04 13:24:17,2025-08-24 07:20:41
M00869,Sarah,Kim,1949-05-26,F,NY,2023-12-04 11:15:14,2024-10-17 08:33:21
M00870,Jessica,Rodriguez,1947-04-20,F,NJ,2023-12-13 15:13:10,2025-08-19 15:08:52
M00871,Jennifer,Kim,1984-09-14,F,PA,2023-11-17 15:43:41,2025-04-25 12:28:39
M00872,Jessica,Taylor,1969-01-24,F,PA,2023-04-25 14:24:42,2023-09-15 07:50:21
M00873,Amanda,Smith,1969-07-17,F,NY,2023-07-02 16:19:14,2024-05-18 17:53:44
M00874,Joseph,Moore,1976-02-12,M,PA,2023-05-07 13:41:14,2024-02-22 17:23:24
M00875,Anthony,Jackson,1978-02-15,M,PA,2023-07-22 09:35:32,2025-01-28 07:02:51
M00876,Elizabeth,Martin,1951-11-24,F,NJ,2023-07-14 12:30:10,2024-05-16 07:22:07
M00877,Sarah,Williams,1972-09-21,F,NJ,2023-01-11 18:55:30,2023-08-13 11:11:20
M00878,Daniel,Martinez,2002-07-29,M,NY,2023-08-31 15:33:34,2023-12-22 14:20:47
M00879,Mary,Chen,1995-11-05,F,PA,2023-01-02 09:40:32,2023-10-01 18:01:58
M00880,Susan,Lee,1963-01-30,F,NJ,2023-01-10 10:06:43,2024-06-20 10:43:10
M00881,Betty,Davis,1986-06-01,F,NY,2023-07-27 10:21:34,2024-01-26 16:48:45
M00882,Betty,White,1945-11-29,F,DE,2023-10-01 12:17:23,2025-05-22 09:00:18
M00883,Karen,Martin,1971-05-05,F,NJ,2023-01-28 18:14:02,2023-04-06 17:56:36
M00884,John,Chen,2009-06-05,M,NJ,2023-10-04 14:10:19,2025-03-13 10:48:47
M00885,Karen,Anderson,1937-06-11,F,NY,2023-02-25 15:42:14,2024-05-07 13:19:21
M00886,John,Lee,1968-05-10,M,PA,2023-11-28 08:17:52,2025-07-27 15:52:53
M00887,Jennifer,Jones,1983-10-06,F,NJ,2023-05-26 12:00:55,2023-11-08 09:04:17
M00888,Elizabeth,Wilson,1987-10-20,F,DE,2023-05-08 18:05:15,2023-10-18 08:42:52
M00889,Amanda,Smith,1972-01-10,F,NY,2023-12-26 09:59:33,2025-10-27 17:57:37
M00890,Mark,Smith,1972-12-01,M,PA,2023-05-24 07:11:24,2024-01-21 11:38:27
M00891,Charles,Park,1956-08-30,M,PA,2023-04-05 15:01:24,2024-08-05 18:00:02
M00892,Daniel,Johnson,1977-09-26,M,NY,2023-02-12 11:13:31,2023-09-27 10:49:03
M00893,Robert,Rodriguez,1938-05-17,M,PA,2023-07-05 16:55:18,2024-01-23 09:06:52
M00894,Grace,Williams,2002-09-09,F,PA,2023-04-01 13:53:16,2024-03-12 16:46:50
M00895,Linda,Jackson,1941-08-28,F,NY,2023-12-23 09:22:09,2025-09-08 10:52:53
M00896,Mark,Brown,1962-05-24,M,NY,2023-12-15 16:33:24,2025-02-13 11:15:10
M00897,Patricia,White,1987-09-01,F,NJ,2023-02-16 15:19:12,2024-07-09 09:54:38
M00898,William,Johnson,1960-07-23,M,NY,2023-12-22 12:09:03,2024-07-13 08:16:36
M00899,Linda,Jackson,1980-10-23,F,DE,2023-12-18 10:38:42,2024-08-09 15:39:00
M00900,Linda,Nguyen,1958-03-26,F,NY,2023-11-18 10:47:36,2024-07-11 16:35:50
M00901,Michael,Chen,1994-05-18,M,PA,2023-12-26 16:58:31,2024-05-25 16:41:25
M00902,David,Jackson,1967-09-08,M,NY,2023-12-10 09:15:48,2024-08-20 09:13:44
M00903,Emily,Chen,1938-05-26,F,NY,2023-12-30 10:43:21,2025-04-16 14:25:14
M00904,Sarah,Miller,1942-08-11,F,NJ,2023-03-14 18:00:13,2023-05-11 11:00:25
M00905,David,Miller,1969-04-23,M,DE,2023-12-05 17:59:17,2025-10-11 09:32:51
M00906,Robert,Taylor,1985-06-26,M,NY,2023-11-18 09:57:48,2025-01-26 14:32:20
M00907,Susan,Jones,1947-09-05,F,NY,2023-03-10 08:53:10,2024-07-17 17:35:41
M00908,Patricia,Kim,1986-11-13,F,NJ,2023-02-16 13:52:04,2023-05-03 13:35:09
M00909,Jennifer,Martin,1954-10-29,F,DE,2023-10-02 11:28:46,2024-09-22 14:57:26
M00910,Joseph,Nguyen,1998-11-23,M,NJ,2023-10-11 14:56:11,2024-03-24 15:09:38
M00911,Kevin,Chen,1946-11-05,M,NY,2023-04-04 14:12:45,2024-10-11 14:17:25
M00912,Patricia,Park,1994-02-15,F,NY,2023-09-24 12:12:01,2024-01-21 13:46:37
M00913,Anthony,Lee,1935-04-29,M,PA,2023-06-06 15:18:01,2023-07-19 13:55:20
M00914,Anthony,Taylor,1987-12-12,M,NY,2023-11-22 14:23:52,2025-06-16 07:42:06
M00915,Jessica,White,1962-12-01,F,NY,2023-12-22 12:19:06,2025-01-10 18:50:59
M00916,Sarah,Taylor,1968-07-11,F,PA,2023-12-30 15:04:37,2025-06-04 13:50:16
M00917,Thomas,Smith,1994-03-03,M,DE,2023-11-18 17:32:24,2024-10-07 08:18:09
M00918,Sarah,Martinez,1994-08-02,F,NJ,2023-07-09 15:37:33,2023-08-22 12:14:47
M00919,Thomas,Patel,2004-01-31,M,DE,2023-12-08 09:24:44,2025-04-19 16:26:02
M00920,Richard,Martin,1983-10-23,M,PA,2023-10-25 16:34:34,2024-08-20 13:27:28
M00921,Kevin,Nguyen,1978-04-18,M,PA,2023-11-25 17:23:17,2024-06-30 09:45:30
M00922,Amanda,Lee,1975-10-27,F,NY,2023-12-01 14:52:54,2024-04-01 11:42:26
M00923,Grace,Lee,2005-05-15,F,PA,2023-12-22 16:27:47,2024-12-04 09:53:36
M00924,Barbara,Chen,1984-03-14,F,DE,2023-03-04 09:04:42,2024-02-16 08:21:24
M00925,Christopher,Davis,1989-07-30,M,PA,2023-12-24 09:26:10,2025-04-29 15:07:53
M00926,Jessica,Brown,1977-05-14,F,NY,2023-04-22 16:27:09,2023-10-29 16:21:01
M00927,Emily,Jones,1959-03-18,F,DE,2023-12-20 13:25:07,2024-06-26 09:36:29
M00928,Susan,Jones,2012-11-03,F,NY,2023-12-05 17:42:18,2025-01-14 13:16:18
M00929,Barbara,Rodriguez,1992-07-16,F,NY,2023-07-07 13:27:59,2023-12-15 17:10:14
M00930,Betty,Johnson,1964-09-27,F,DE,2023-02-07 07:23:23,2023-08-03 17:59:05
M00931,Thomas,Brown,1952-04-02,M,PA,2023-06-05 12:07:52,2024-06-22 15:32:15
M00932,Karen,Rodriguez,1974-06-07,F,DE,2023-12-31 15:51:57,2025-07-18 09:42:24
M00933,Christopher,Smith,1969-12-29,M,NJ,2023-07-10 11:12:24,2024-08-01 12:09:01
M00934,John,Jackson,2003-04-18,M,NY,2023-11-25 08:13:02,2024-10-30 11:27:54
M00935,Daniel,Taylor,1953-07-23,M,PA,2023-01-21 10:18:23,2024-09-05 11:12:47
M00936,Linda,Patel,1943-10-27,F,NJ,2023-07-24 07:24:58,2024-03-26 16:31:30
M00937,Grace,Thomas,1938-04-07,F,DE,2023-11-30 14:15:51,2025-05-11 14:53:58
M00938,Joseph,Martinez,1945-12-22,M,PA,2023-09-01 11:06:39,2024-04-05 08:18:49
M00939,William,Park,1936-05-19,M,DE,2023-08-22 14:00:23,2023-12-18 11:57:11
M00940,Richard,Moore,1956-11-07,M,PA,2023-12-08 18:44:44,2024-08-10 11:32:37
M00941,Joseph,Smith,1959-02-24,M,DE,2023-12-19 14:48:21,2025-08-28 18:55:57
M00942,Amanda,Thomas,1976-06-11,F,DE,2023-08-22 07:53:11,2024-02-17 14:03:46
M00943,Amanda,White,1949-05-03,F,NJ,2023-04-18 08:19:27,2024-01-09 12:19:24
M00944,Emily,Smith,1962-11-14,F,NJ,2023-12-08 09:30:59,2024-11-20 14:10:11
M00945,James,Chen,1943-03-01,M,DE,2023-07-08 09:38:50,2024-07-19 17:18:35
M00946,Barbara,Martin,1960-12-14,F,NJ,2023-12-23 10:12:26,2025-06-03 11:22:00
M00947,Patricia,Lee,1980-10-22,F,NY,2023-12-21 08:37:55,2025-11-11 12:18:15
M00948,Anthony,Kim,1954-10-12,M,PA,2023-11-30 10:22:16,2025-02-01 12:11:40
M00949,Nancy,Brown,2003-04-25,F,PA,2023-03-28 11:47:57,2024-04-09 11:06:25
M00950,William,Garcia,1947-05-05,M,NJ,2023-12-03 08:42:56,2024-03-28 16:22:37
M00951,Richard,Smith,2015-08-02,M,NY,2023-12-01 12:19:11,2024-08-19 12:33:44
M00952,Barbara,Park,1994-08-22,F,NY,2023-12-05 17:12:00,2025-09-28 07:18:59
M00953,Nancy,Lee,1950-06-17,F,NJ,2023-12-13 16:07:08,2024-09-28 07:21:05
M00954,Daniel,Park,1968-10-15,M,DE,2023-08-13 07:06:34,2024-07-06 12:50:32
M00955,Sarah,Garcia,1983-12-19,F,NY,2023-12-04 13:54:17,2024-11-16 13:20:43
M00956,Christopher,Moore,1997-03-31,M,NY,2023-07-10 07:56:59,2024-03-30 14:21:28
M00957,Elizabeth,Anderson,1994-02-02,F,DE,2023-12-23 16:56:00,2025-04-22 15:06:11
M00958,David,Martinez,2000-09-25,M,NY,2023-04-24 11:48:29,2023-09-08 08:12:51
M00959,Kevin,Kim,1984-01-01,M,PA,2023-08-16 14:01:33,2024-11-11 09:55:28
M00960,Jennifer,Johnson,1979-04-13,F,NJ,2023-11-25 10:18:02,2025-10-19 13:57:54
M00961,Kevin,Jones,1989-11-22,M,NJ,2023-02-03 11:36:46,2024-07-11 11:35:47
M00962,James,Thomas,1950-11-24,M,DE,2023-11-25 12:38:01,2024-07-10 14:41:43
M00963,Linda,Garcia,1942-10-19,F,PA,2023-12-08 15:13:30,2025-10-06 12:29:10
M00964,John,Kim,2015-08-13,M,NJ,2023-12-13 13:48:20,2024-01-08 12:12:01
M00965,Mary,Garcia,1941-06-22,F,PA,2023-01-24 11:49:59,2023-05-27 10:30:26
M00966,Joseph,Thomas,1961-12-23,M,NJ,2023-03-31 07:51:18,2023-10-26 14:05:56
M00967,Linda,Martinez,2007-09-24,F,DE,2023-03-02 09:39:28,2023-12-20 07:19:13
M00968,Emily,Anderson,1989-12-08,F,DE,2023-05-27 12:17:19,2024-06-21 07:59:24
M00969,Linda,Rodriguez,2005-07-09,F,NY,2023-12-13 12:07:09,2024-10-29 15:53:42
M00970,Mary,Davis,1946-12-13,F,NY,2023-11-09 14:02:37,2024-12-18 12:14:28
M00971,Thomas,Lee,1974-06-16,M,NJ,2023-12-22 14:32:01,2025-04-29 13:18:42
M00972,Michael,Garcia,1990-12-31,M,DE,2024-01-01 07:19:07,2025-02-14 17:07:01
M00973,Thomas,Jones,2000-09-08,M,NY,2023-12-09 15:54:48,2024-07-29 17:17:40
M00974,Christopher,Miller,1977-05-01,M,PA,2023-12-26 10:37:25,2025-01-02 10:42:45
M00975,David,Lee,1986-03-27,M,DE,2023-04-07 15:22:56,2024-01-02 17:01:08
M00976,Nancy,Miller,1960-04-16,F,DE,2023-12-18 10:44:44,2025-09-04 18:20:13
M00977,David,Jones,2007-06-11,M,NY,2023-01-02 14:15:22,2023-11-07 09:23:11
M00978,Nancy,Nguyen,1961-03-15,F,DE,2023-04-08 11:06:18,2024-06-26 13:29:09
M00979,Susan,Garcia,1951-12-19,F,PA,2023-04-14 13:39:45,2023-09-20 15:48:32
M00980,David,Jones,1954-11-04,M,NY,2023-11-29 11:05:49,2025-04-21 13:29:31
M00981,Jessica,Taylor,1999-10-07,F,DE,2023-07-14 09:06:06,2023-12-26 15:42:56
M00982,Nancy,Brown,1992-12-08,F,NY,2023-12-19 13:44:06,2025-10-09 08:00:04
M00983,Patricia,Anderson,1974-11-11,F,NY,2023-02-09 08:03:12,2024-09-14 11:42:37
M00984,Charles,Garcia,2011-04-05,M,PA,2023-11-10 16:52:03,2024-06-30 09:02:14
M00985,Grace,Garcia,1944-05-10,F,NY,2023-12-29 16:10:39,2024-07-11 11:36:45
M00986,Nancy,Taylor,1957-08-25,F,NY,2023-04-14 17:17:45,2023-06-14 10:22:08
M00987,David,Rodriguez,1957-04-14,M,PA,2023-07-30 12:57:38,2023-10-24 17:41:33
M00988,James,Martinez,1978-11-26,M,NY,2023-07-06 10:39:35,2024-03-18 16:27:40
M00989,Patricia,Davis,1968-05-01,F,NJ,2023-09-06 13:37:39,2024-11-02 11:38:51
M00990,Emily,Patel,1964-07-17,F,NY,2023-04-21 12:34:57,2024-07-27 10:34:43
M00991,William,Park,1953-10-01,M,DE,2023-12-26 09:01:44,2024-02-01 12:02:23
M00992,Robert,Thomas,1955-01-28,M,DE,2023-11-16 16:24:20,2025-01-16 07:48:40
M00993,David,Garcia,1987-06-22,M,DE,2023-11-29 09:39:37,2025-10-27 11:18:12
M00994,Michael,Nguyen,1953-12-09,M,NJ,2023-02-20 16:14:00,2024-09-15 14:07:17
M00995,James,Smith,1942-03-01,M,DE,2023-12-04 16:56:44,2025-03-29 15:17:25
M00996,Jessica,Jones,1991-09-14,F,DE,2023-06-11 12:39:49,2023-12-25 13:36:24
M00997,Grace,Park,1998-12-09,F,PA,2023-07-29 16:21:35,2023-12-22 09:46:55
M00998,Kevin,Kim,1936-12-18,M,PA,2023-12-31 12:24:16,2025-04-23 11:53:18
M00999,Daniel,Williams,1941-02-02,M,NJ,2023-05-12 10:46:57,2023-06-30 07:31:59
M01000,Christopher,Anderson,2005-12-07,M,NJ,2023-10-30 08:51:50,2024-09-07 13:50:44
M01001,James,White,1943-03-24,M,NY,2023-03-11 10:40:14,2024-01-11 15:26:50
M01002,Kevin,Chen,1990-04-12,M,NJ,2023-12-05 08:07:02,2025-07-06 11:19:09
M01003,Jessica,Nguyen,1981-11-25,F,NJ,2023-12-12 08:36:29,2025-02-21 09:13:00
M01004,Michael,Kim,1974-01-20,M,DE,2023-08-22 15:04:29,2024-09-14 07:36:20
M01005,David,Brown,1970-04-10,M,DE,2023-12-05 09:55:31,2026-01-05 17:13:24
M01006,Joseph,Park,1958-07-22,M,PA,2023-07-27 14:34:25,2023-12-31 15:40:41
M01007,Susan,Jones,1948-09-10,F,NY,2023-11-25 14:46:49,2024-12-07 07:21:47
M01008,Robert,Johnson,1946-01-06,M,PA,2023-01-18 08:44:11,2024-03-19 12:04:37
M01009,Patricia,Brown,1987-08-02,F,PA,2023-12-29 10:37:53,2024-05-29 08:08:16
M01010,Barbara,Jones,1980-05-28,F,NJ,2023-01-20 09:35:09,2024-02-08 10:29:33
M01011,Thomas,Davis,1936-06-01,M,NJ,2023-01-28 16:54:01,2023-07-01 10:31:58
M01012,Robert,Jones,1984-08-03,M,DE,2023-07-19 18:07:03,2024-12-30 17:09:17
M01013,Linda,Kim,1974-07-28,F,NJ,2023-09-15 08:50:22,2025-05-07 12:14:05
M01014,Karen,Johnson,1983-09-23,F,NJ,2023-11-29 10:38:00,2024-12-31 09:34:10
M01015,Emily,Miller,1973-05-21,F,DE,2023-03-07 18:57:18,2024-10-12 08:34:55
M01016,Susan,Smith,1960-12-18,F,DE,2023-07-11 18:20:43,2025-02-18 13:34:07
M01017,Sarah,Rodriguez,1987-07-18,F,NJ,2023-11-30 12:44:37,2024-10-01 07:26:34
M01018,William,Davis,2006-11-17,M,NJ,2023-12-12 17:44:32,2025-11-01 07:45:37
M01019,Elizabeth,White,1963-05-28,F,PA,2023-12-10 09:00:07,2025-11-01 16:08:23
M01020,David,Thomas,1957-03-13,M,DE,2023-12-19 08:47:42,2025-08-05 08:49:08
M01021,John,Anderson,1976-09-23,M,NJ,2023-09-21 07:20:49,2024-04-16 11:22:38
M01022,Barbara,Rodriguez,1942-02-18,F,DE,2023-09-21 13:13:17,2024-03-18 17:08:31
M01023,Elizabeth,Jackson,1976-06-30,F,NY,2023-06-28 18:02:54,2023-10-04 15:50:42
M01024,Mary,Miller,1977-09-02,F,DE,2023-12-31 12:58:03,2025-08-28 15:59:41
M01025,Barbara,Jackson,1996-06-20,F,DE,2023-11-22 10:40:13,2024-09-27 18:45:30
M01026,Richard,Miller,1994-01-25,M,NY,2023-11-30 17:47:35,2025-07-25 16:56:45
M01027,Joseph,Johnson,1980-12-16,M,NY,2023-12-12 12:56:30,2025-07-03 07:15:23
M01028,Jennifer,Lee,1996-04-11,F,DE,2023-03-19 18:21:04,2024-10-10 11:00:35
M01029,Karen,Lee,1977-08-22,F,NY,2023-12-07 18:25:58,2024-10-21 16:53:55
M01030,Betty,Taylor,1950-04-12,F,DE,2023-04-01 11:17:41,2023-09-07 07:35:46
M01031,John,Jones,1965-03-12,M,PA,2023-04-15 14:01:01,2024-10-03 11:40:41
M01032,Robert,Rodriguez,2011-02-25,M,DE,2023-10-23 10:26:39,2024-08-27 11:23:44
M01033,Richard,Nguyen,1936-02-01,M,DE,2023-11-30 11:16:31,2024-11-01 09:40:12
M01034,Patricia,Davis,2012-04-16,F,PA,2023-11-25 08:25:28,2024-01-20 12:29:43
M01035,Joseph,Martin,1956-07-29,M,NJ,2023-01-25 14:57:41,2023-05-06 13:09:19
M01036,Michael,Johnson,1957-01-31,M,NJ,2023-12-08 13:32:56,2025-01-22 13:23:18
M01037,Grace,Martin,2014-07-20,F,NY,2023-05-08 13:14:16,2023-05-29 18:29:52
M01038,Betty,Anderson,2007-12-04,F,PA,2023-11-24 11:39:57,2024-07-20 07:43:50
M01039,Michael,Williams,1966-01-06,M,DE,2023-12-15 17:10:45,2024-07-26 16:35:40
M01040,Daniel,Kim,1952-05-20,M,PA,2023-10-24 15:40:24,2025-05-26 13:05:39
M01041,William,Rodriguez,1980-06-21,M,PA,2023-04-15 08:44:51,2023-05-24 17:54:22
M01042,Joseph,Nguyen,1973-08-01,M,PA,2023-12-17 10:06:58,2025-09-19 15:45:29
M01043,Linda,White,1944-11-06,F,NY,2023-06-29 14:30:33,2023-10-23 10:07:51
M01044,Daniel,Kim,1947-03-06,M,PA,2023-08-03 12:29:50,2024-12-19 08:10:44
M01045,Christopher,Johnson,2000-04-12,M,NJ,2023-12-20 13:37:42,2025-08-07 09:56:53
M01046,Robert,Nguyen,1950-08-27,M,NJ,2023-11-29 10:33:19,2024-06-17 09:50:55
M01047,Thomas,Williams,2014-04-13,M,NY,2023-12-12 08:54:43,2025-07-02 12:17:09
M01048,Charles,Chen,2011-03-28,M,PA,2023-05-22 18:49:37,2023-07-12 13:01:33
M01049,Richard,Johnson,1962-05-07,M,PA,2023-12-01 15:42:29,2025-07-17 15:02:12
M01050,Linda,Kim,1938-05-07,F,NJ,2023-11-20 17:47:00,2024-10-10 09:50:43
M01051,Anthony,Patel,1943-05-31,M,PA,2023-02-26 09:13:41,2024-05-04 15:59:10
M01052,Richard,Taylor,2010-02-01,M,NJ,2023-04-12 12:14:57,2024-12-01 10:34:05
M01053,Karen,Williams,1969-05-29,F,DE,2023-09-25 07:26:58,2024-11-17 13:31:02
M01054,Richard,Jackson,1944-04-20,M,DE,2023-12-08 14:40:00,2024-08-26 07:33:02
M01055,Karen,Smith,2000-08-16,F,DE,2023-12-13 14:40:32,2025-08-16 13:50:30
M01056,Karen,Chen,2013-02-20,F,NJ,2023-11-08 18:17:55,2023-12-24 12:14:58
M01057,Barbara,Taylor,2009-02-10,F,DE,2023-12-23 10:54:57,2025-01-08 08:09:52
M01058,William,Martinez,1944-04-14,M,DE,2023-10-31 08:39:47,2023-12-23 16:08:05
M01059,Joseph,Anderson,2014-08-01,M,DE,2023-01-30 14:03:21,2024-04-14 09:11:36
M01060,Emily,Martinez,1962-04-08,F,NY,2023-11-27 15:42:08,2024-08-15 13:29:40
M01061,James,Moore,1963-09-29,M,PA,2023-03-03 14:06:36,2023-11-08 15:42:05
M01062,Kevin,Martin,1956-05-11,M,NY,2023-12-03 14:04:54,2024-09-13 09:33:11
M01063,Joseph,Wilson,2007-04-03,M,PA,2023-04-14 14:41:41,2023-12-23 14:01:55
M01064,Anthony,Anderson,1948-10-10,M,PA,2023-12-04 14:31:00,2024-09-30 12:42:29
M01065,Christopher,Patel,1936-09-01,M,NJ,2023-12-06 10:21:28,2025-03-28 17:20:03
M01066,Nancy,Anderson,1949-08-21,F,PA,2023-01-01 10:19:19,2024-02-11 14:51:35
M01067,Richard,Jones,1964-07-24,M,NJ,2023-03-14 11:23:41,2023-08-20 13:04:49
M01068,Thomas,Jones,1987-01-26,M,NJ,2023-05-05 10:16:42,2024-08-17 14:30:23
M01069,Linda,Smith,1954-06-13,F,PA,2023-06-07 17:40:45,2024-04-16 07:06:53
M01070,Grace,Wilson,1943-10-03,F,NY,2023-07-06 12:10:14,2024-09-26 14:27:47
M01071,Daniel,Jones,1951-08-11,M,PA,2023-11-18 10:02:32,2024-12-24 14:38:15
M01072,Jennifer,Jones,2007-04-17,F,NY,2023-09-15 08:32:59,2025-03-23 10:39:22
M01073,Michael,Martinez,1956-09-26,M,PA,2023-01-21 08:52:17,2023-05-25 14:13:08
M01074,Mark,Jackson,1963-12-25,M,NY,2023-04-11 16:12:59,2024-01-24 14:26:20
M01075,Barbara,Park,1974-09-20,F,NY,2023-04-20 12:58:00,2023-07-24 15:12:23
M01076,Robert,Jackson,1953-08-09,M,NJ,2023-03-17 12:33:40,2023-03-23 16:21:53
M01077,Daniel,Johnson,1946-04-11,M,DE,2023-09-10 11:15:40,2024-12-17 12:41:08
M01078,William,Miller,1945-06-21,M,DE,2023-02-01 12:22:05,2024-03-13 15:54:20
M01079,Sarah,Lee,1999-01-29,F,DE,2023-12-22 07:06:30,2025-03-30 07:15:33
M01080,Elizabeth,Martinez,1941-01-04,F,NY,2023-10-27 12:08:43,2024-12-28 13:03:55
M01081,Elizabeth,Miller,1974-03-08,F,PA,2023-11-30 10:52:00,2025-02-27 11:23:23
M01082,Joseph,Williams,1969-01-28,M,DE,2023-04-02 12:43:06,2023-08-01 17:32:42
M01083,Richard,Brown,1958-01-01,M,NY,2023-12-17 16:36:51,2025-02-09 10:56:47
M01084,James,Patel,1980-11-09,M,PA,2023-12-29 10:59:43,2024-09-29 17:29:54
M01085,Grace,White,1968-09-28,F,DE,2023-05-07 07:44:49,2024-11-27 17:17:54
M01086,Susan,Wilson,1994-03-21,F,PA,2023-06-09 14:07:33,2024-04-19 12:44:29
M01087,Elizabeth,Taylor,1964-02-10,F,NY,2023-12-04 17:06:47,2025-07-24 18:59:44
M01088,Anthony,Smith,1950-07-18,M,NJ,2023-09-18 11:35:55,2025-02-11 09:52:57
M01089,Betty,Miller,1959-08-22,F,NJ,2023-11-21 09:59:31,2025-06-10 18:53:43
M01090,Emily,Jackson,1977-01-10,F,NJ,2023-11-17 09:19:54,2024-09-13 11:51:18
M01091,Richard,Miller,1992-02-22,M,PA,2023-08-15 16:58:13,2024-06-27 07:19:08
M01092,Barbara,Park,1986-09-20,F,NY,2023-11-23 08:31:45,2025-06-27 13:56:11
M01093,Patricia,Taylor,1941-03-05,F,DE,2023-11-12 11:28:36,2025-04-26 08:43:35
M01094,Susan,Moore,1994-04-25,F,NY,2023-12-26 11:11:58,2025-08-01 09:03:08
M01095,Susan,Kim,1991-03-27,F,DE,2023-12-21 11:58:51,2025-12-10 14:53:20
M01096,Mary,Patel,1963-04-19,F,NJ,2023-11-21 16:29:05,2025-08-19 10:45:23
M01097,Barbara,Martinez,2007-12-16,F,NY,2023-06-12 13:22:53,2023-08-08 18:15:25
M01098,Joseph,Anderson,1956-03-16,M,NJ,2023-12-23 10:33:05,2025-03-26 08:33:25
M01099,Daniel,Miller,1938-10-26,M,DE,2023-03-09 16:49:06,2023-09-01 16:00:08
M01100,Barbara,Williams,1948-09-16,F,PA,2023-12-22 15:41:59,2025-04-29 14:28:03
M01101,Patricia,Johnson,1993-09-14,F,DE,2023-12-30 16:46:23,2024-10-29 17:34:19
M01102,Grace,White,1964-02-24,F,PA,2023-02-05 12:11:32,2024-03-23 17:16:20
M01103,Jennifer,Nguyen,1974-12-26,F,NY,2023-08-27 07:39:58,2024-05-26 09:11:14
M01104,Amanda,Jones,2008-03-05,F,NJ,2023-12-20 09:37:32,2025-03-30 16:04:23
M01105,Daniel,Rodriguez,1952-02-07,M,NJ,2023-11-07 17:34:40,2024-11-12 11:29:57
M01106,Linda,Thomas,1984-10-13,F,NJ,2023-12-09 13:38:55,2025-01-05 08:47:35
M01107,Christopher,Moore,1935-11-08,M,PA,2023-11-17 12:05:12,2025-06-15 17:13:58
M01108,Emily,Davis,1979-10-13,F,NY,2023-08-26 18:49:40,2025-04-03 09:09:58
M01109,Amanda,Patel,1999-11-15,F,DE,2023-12-25 18:21:24,2025-07-21 11:29:17
M01110,Betty,Smith,1942-06-11,F,PA,2023-01-11 08:35:24,2024-08-22 12:00:32
M01111,Christopher,Moore,1979-09-01,M,DE,2023-08-02 14:01:11,2024-10-20 11:38:11
M01112,William,Patel,1938-04-14,M,PA,2023-12-12 14:10:07,2024-12-04 13:15:23
M01113,Christopher,White,1961-03-17,M,PA,2023-05-21 16:19:01,2024-08-16 07:49:39
M01114,Kevin,Miller,1983-01-04,M,DE,2023-12-07 09:27:40,2024-11-22 16:05:52
M01115,Elizabeth,Lee,1965-10-08,F,NY,2023-01-23 17:07:08,2023-05-01 18:11:28
M01116,Patricia,Lee,1950-07-08,F,NJ,2023-12-31 15:39:28,2024-12-16 13:10:33
M01117,Susan,Rodriguez,1962-03-21,F,PA,2023-09-15 18:42:11,2025-02-23 07:27:38
M01118,Daniel,White,2003-08-15,M,NY,2023-12-18 13:45:03,2024-09-04 17:43:47
M01119,Amanda,Miller,1964-08-12,F,PA,2023-08-23 13:17:14,2024-07-16 10:48:31
M01120,Kevin,Moore,2015-07-31,M,PA,2023-12-17 09:30:24,2024-01-10 16:10:31
M01121,John,Miller,1936-03-20,M,NJ,2023-12-24 17:35:40,2025-03-14 16:43:35
M01122,Patricia,Wilson,1992-03-25,F,DE,2023-12-05 08:02:41,2024-12-27 17:38:44
M01123,Mark,Nguyen,1957-06-08,M,PA,2023-03-30 15:15:51,2024-11-11 13:40:20
M01124,Amanda,White,1967-11-05,F,PA,2023-12-11 16:20:25,2025-12-03 18:36:28
M01125,Jennifer,Patel,1972-09-29,F,PA,2023-09-26 09:11:27,2025-04-23 09:00:16
M01126,Karen,Martin,1947-01-12,F,NY,2023-09-08 16:57:28,2024-05-29 13:00:31
M01127,Michael,Martin,1957-03-23,M,NY,2023-09-10 12:32:51,2023-10-14 12:09:59
M01128,Anthony,Patel,1983-01-19,M,NJ,2023-11-23 15:13:50,2025-05-14 16:28:22
M01129,Thomas,Patel,1952-04-03,M,NJ,2023-08-25 13:01:35,2024-11-02 09:18:51
M01130,Robert,Rodriguez,1998-10-16,M,NJ,2023-12-18 14:35:58,2024-01-29 14:45:46
M01131,Thomas,Garcia,1978-07-19,M,NY,2023-06-02 17:32:33,2024-11-08 11:52:16
M01132,Elizabeth,Miller,2012-03-30,F,DE,2023-12-09 09:14:43,2024-05-29 12:37:14
M01133,Christopher,Park,1942-02-01,M,PA,2023-12-19 13:51:54,2025-04-16 15:52:56
M01134,Michael,Miller,1936-10-16,M,DE,2023-11-22 12:23:07,2025-09-30 14:59:29
M01135,William,Jones,2004-06-16,M,NY,2023-08-18 17:09:44,2023-11-28 17:05:07
M01136,Daniel,Williams,2005-04-18,M,NJ,2023-11-22 10:18:48,2024-11-26 14:09:26
M01137,Mark,Moore,2002-05-09,M,DE,2023-02-14 14:46:57,2023-12-15 16:01:04
M01138,Elizabeth,Anderson,1977-04-22,F,NY,2023-10-04 16:30:14,2024-09-18 09:25:52
M01139,Michael,Lee,1978-11-23,M,NY,2023-07-01 09:12:36,2023-09-20 18:19:20
M01140,Thomas,Martin,2000-03-27,M,NY,2023-03-07 12:34:00,2023-05-30 07:11:25
M01141,Joseph,Thomas,1936-06-01,M,PA,2023-12-23 15:25:48,2025-11-04 15:23:26
M01142,David,Wilson,1937-08-15,M,PA,2023-12-11 12:57:44,2025-09-26 09:03:44
M01143,Kevin,Miller,1947-04-06,M,NY,2023-11-23 10:20:28,2024-11-15 07:26:14
M01144,Jessica,Chen,1937-07-03,F,NJ,2023-10-04 09:38:25,2024-02-15 07:56:11
M01145,Thomas,Brown,1974-01-01,M,NJ,2023-12-24 17:14:09,2024-05-02 12:18:30
M01146,Amanda,Patel,1971-05-09,F,NY,2023-05-20 18:57:25,2024-10-05 18:25:14
M01147,Christopher,Jones,2004-10-03,M,PA,2023-11-18 17:07:44,2025-07-26 11:38:31
M01148,Patricia,Nguyen,1958-11-16,F,NJ,2023-03-29 10:07:42,2023-11-28 18:24:06
M01149,Thomas,Garcia,2014-11-06,M,NY,2023-12-21 16:44:26,2025-12-06 12:11:31
M01150,Linda,Kim,1936-06-27,F,NJ,2023-04-05 10:08:41,2024-03-06 15:30:17
M01151,Mary,Williams,1939-03-23,F,DE,2023-12-03 14:23:15,2024-09-05 08:09:24
M01152,Elizabeth,White,2013-01-02,F,NY,2023-08-05 10:25:25,2024-09-25 08:30:57
M01153,Jennifer,Johnson,1984-10-11,F,NY,2023-12-01 14:53:31,2025-08-13 14:28:52
M01154,Kevin,Miller,2007-03-07,M,NJ,2023-12-09 12:28:57,2024-04-08 10:53:07
M01155,Amanda,Wilson,1945-07-10,F,NJ,2023-12-09 16:00:37,2025-05-24 12:38:18
M01156,Jessica,Taylor,1993-11-07,F,NJ,2023-10-03 14:59:15,2023-10-10 14:10:55
M01157,Grace,Chen,1946-07-28,F,DE,2023-12-04 12:16:48,2025-02-12 12:03:40
M01158,Thomas,Park,1956-07-18,M,DE,2023-12-11 08:08:16,2025-06-20 17:41:01
M01159,Karen,Williams,1958-06-09,F,NJ,2023-12-24 17:25:29,2024-11-15 12:46:48
M01160,Jessica,Nguyen,1964-01-04,F,NJ,2023-04-27 16:43:06,2024-06-04 17:33:06
M01161,Charles,Smith,1967-12-04,M,NJ,2023-02-07 16:43:35,2023-10-09 11:22:40
M01162,Daniel,Kim,1998-09-04,M,NY,2023-10-20 17:21:51,2025-02-07 11:56:33
M01163,David,Martin,2010-01-16,M,DE,2023-09-04 07:45:25,2024-12-06 16:55:15
M01164,Jennifer,Lee,1969-10-05,F,PA,2023-04-30 17:20:41,2023-12-25 16:05:03
M01165,Mary,Chen,1988-04-07,F,NJ,2023-11-29 14:57:00,2024-09-10 07:16:00
M01166,Jessica,Thomas,2000-01-02,F,NJ,2023-11-25 17:30:21,2025-11-14 07:09:30
M01167,Susan,Davis,1997-06-08,F,NY,2023-01-09 09:52:26,2024-03-15 16:39:43
M01168,Charles,Kim,1974-06-07,M,DE,2023-12-17 11:03:06,2024-07-26 16:07:58
M01169,William,White,1989-11-25,M,PA,2023-07-06 17:24:31,2024-12-17 17:30:00
M01170,David,Chen,2013-03-27,M,PA,2023-01-20 08:09:34,2023-05-13 08:41:25
M01171,Patricia,Kim,2010-08-18,F,NY,2023-02-04 16:12:27,2024-05-07 14:52:03
M01172,Karen,Jones,2012-06-25,F,PA,2023-11-10 09:04:57,2025-05-11 15:12:12
M01173,Christopher,White,1987-07-25,M,PA,2023-10-10 09:17:55,2025-01-09 07:16:58
M01174,Mark,Thomas,1958-07-04,M,NY,2023-11-30 11:33:19,2024-10-28 13:28:35
M01175,Kevin,Kim,1974-11-03,M,DE,2023-05-15 13:08:00,2023-12-19 14:41:16
M01176,Anthony,Patel,2008-06-10,M,NY,2023-11-09 12:03:03,2024-12-26 12:40:56
M01177,Susan,Moore,2004-06-16,F,NY,2023-11-23 10:27:29,2024-02-27 10:39:29
M01178,Richard,Rodriguez,1982-02-17,M,NY,2023-12-08 11:35:22,2024-07-06 14:32:52
M01179,Thomas,Wilson,2014-06-05,M,NY,2023-12-24 10:30:18,2025-04-19 17:54:08
M01180,David,Smith,1950-11-20,M,NY,2023-12-11 12:34:00,2025-06-19 07:25:18
M01181,Michael,Brown,1941-03-09,M,DE,2023-09-24 09:25:52,2023-12-26 14:50:04
M01182,Nancy,Rodriguez,1964-04-26,F,NJ,2023-09-12 18:32:16,2024-07-06 13:09:28
M01183,Mary,Smith,1997-08-18,F,PA,2023-04-27 12:47:16,2024-12-03 10:24:02
M01184,Nancy,Moore,2012-09-01,F,NY,2023-12-29 10:38:33,2024-09-12 12:24:03
M01185,Amanda,Kim,1956-09-21,F,NJ,2023-12-03 16:49:01,2025-11-23 09:22:47
M01186,Anthony,Brown,2011-02-17,M,PA,2023-11-09 18:05:47,2024-07-28 10:50:05
M01187,Kevin,Miller,2005-03-10,M,PA,2023-11-01 15:14:42,2024-02-12 08:09:03
M01188,Linda,Johnson,1959-08-05,F,DE,2023-10-07 12:37:37,2024-01-03 09:56:06
M01189,William,Rodriguez,1966-05-24,M,NY,2023-07-11 08:51:32,2024-09-29 07:45:28
M01190,Elizabeth,Garcia,2012-08-27,F,NY,2023-12-05 09:10:33,2025-11-16 18:45:16
M01191,Thomas,Wilson,1937-10-02,M,NY,2023-09-05 07:24:51,2024-09-15 08:02:53
M01192,Joseph,Garcia,1984-08-31,M,PA,2023-12-01 15:06:00,2025-10-20 10:12:01
M01193,Grace,Kim,2009-07-16,F,NJ,2023-03-30 14:45:25,2023-04-17 14:14:06
M01194,John,Martinez,1989-01-10,M,NJ,2023-03-03 14:53:43,2023-09-07 17:11:20
M01195,Grace,Jones,1980-06-09,F,PA,2023-06-11 09:37:14,2024-08-02 16:14:51
M01196,Jennifer,Nguyen,1950-10-05,F,NY,2023-05-18 10:37:48,2024-08-19 13:17:38
M01197,John,Anderson,1946-05-21,M,NY,2023-11-07 11:29:47,2024-12-05 14:12:40
M01198,Thomas,Kim,1971-03-23,M,NJ,2023-11-25 11:30:56,2024-04-12 09:50:31
M01199,David,Thomas,2003-08-28,M,NY,2023-05-01 10:47:15,2024-12-02 14:15:52
M01200,Anthony,Chen,2013-07-06,M,NJ,2023-12-03 18:54:06,2024-10-27 16:00:47
M01201,Christopher,Rodriguez,1944-01-20,M,NJ,2023-07-04 11:44:10,2024-09-07 14:09:40
M01202,Barbara,Lee,1948-01-19,F,NY,2023-10-08 13:30:24,2024-02-12 10:31:19
M01203,Grace,Johnson,2009-08-19,F,PA,2023-12-04 17:33:22,2025-07-27 17:09:42
M01204,Kevin,Kim,1963-10-25,M,PA,2023-12-23 10:51:42,2024-09-20 14:43:49
M01205,Daniel,Lee,1998-10-22,M,DE,2023-12-12 10:20:56,2025-08-14 10:50:37
M01206,Christopher,Martinez,1959-07-24,M,NY,2023-05-22 18:38:01,2023-08-02 08:21:10
M01207,Mary,Wilson,1993-12-06,F,NY,2023-12-16 10:49:11,2024-04-25 14:24:12
M01208,Mark,Davis,1971-10-22,M,NY,2023-04-03 08:14:07,2023-08-17 14:53:31
M01209,Mark,Davis,1995-05-02,M,NY,2023-11-17 11:42:33,2024-03-29 11:03:04
M01210,Richard,Anderson,1935-12-15,M,NY,2023-08-31 16:31:23,2024-02-03 08:01:03
M01211,Richard,Patel,2011-06-07,M,NJ,2023-12-27 17:38:42,2026-02-03 18:44:49
M01212,Elizabeth,Anderson,2010-01-20,F,NJ,2023-08-26 11:34:45,2024-07-14 07:12:59
M01213,Daniel,Thomas,1967-08-23,M,NY,2023-12-23 09:49:10,2024-07-29 14:47:05
M01214,Grace,Smith,1985-06-26,F,NY,2023-11-27 14:15:31,2025-05-30 13:14:35
M01215,Emily,Park,1935-10-21,F,NJ,2023-12-12 08:21:49,2025-04-14 16:51:57
M01216,Mark,Brown,1993-03-11,M,NJ,2023-12-19 15:59:01,2024-07-05 13:08:50
M01217,Linda,Rodriguez,1942-12-08,F,NJ,2023-12-08 08:56:42,2025-01-08 11:21:38
M01218,Elizabeth,Wilson,1974-11-24,F,DE,2023-12-01 08:11:39,2025-11-14 11:37:11
M01219,Robert,Chen,2011-02-11,M,PA,2023-08-11 10:35:55,2024-10-25 15:34:36
M01220,Susan,Jackson,1998-11-25,F,NY,2023-05-10 11:16:59,2024-11-15 10:49:26
M01221,William,Smith,1954-11-19,M,PA,2023-09-04 18:51:02,2024-04-18 12:50:21
M01222,Thomas,Chen,1960-09-11,M,DE,2023-02-27 07:21:16,2023-03-14 13:44:53
M01223,Emily,Moore,1988-08-04,F,DE,2023-11-04 07:27:38,2025-06-13 16:54:52
M01224,Richard,Johnson,1975-10-05,M,DE,2023-11-25 13:04:00,2025-02-06 09:25:40
M01225,Grace,Wilson,1990-04-14,F,DE,2023-11-27 16:05:49,2024-06-04 11:21:15
M01226,David,Lee,2012-11-08,M,PA,2023-06-29 18:26:54,2024-02-20 08:15:51
M01227,Richard,Thomas,1935-07-24,M,PA,2023-12-28 15:04:02,2024-12-19 11:56:24
M01228,John,Garcia,1964-08-18,M,NJ,2023-12-04 14:24:25,2024-10-11 10:06:53
M01229,Mark,Wilson,1976-06-03,M,NJ,2023-11-18 14:32:15,2024-06-30 14:23:55
M01230,Sarah,Rodriguez,1968-06-26,F,PA,2023-08-09 16:48:59,2024-09-30 18:37:18
M01231,Sarah,Rodriguez,1982-12-29,F,NJ,2023-01-27 12:03:32,2023-04-13 10:03:51
M01232,David,Smith,1986-10-25,M,DE,2023-12-31 09:20:04,2025-09-07 11:33:13
M01233,James,Lee,1937-03-14,M,NJ,2023-10-30 16:42:46,2024-07-16 09:43:14
M01234,Patricia,Thomas,1956-03-24,F,NJ,2023-12-11 15:53:09,2025-10-07 17:57:31
M01235,Patricia,Jones,1982-10-06,F,DE,2023-09-18 09:37:57,2024-09-08 18:27:21
M01236,Mark,Martin,1975-04-25,M,PA,2023-08-30 08:59:45,2024-02-28 12:36:52
M01237,Susan,Thomas,2008-07-14,F,NJ,2023-12-02 10:19:49,2025-01-11 16:13:54
M01238,Sarah,Taylor,2012-01-21,F,NY,2023-01-26 07:20:17,2024-08-03 14:54:09
M01239,Jennifer,Chen,2006-08-04,F,PA,2023-12-04 12:08:54,2025-03-11 08:51:15
M01240,Daniel,Williams,1973-06-28,M,NY,2023-07-17 18:29:15,2023-07-19 11:22:40
M01241,Emily,Smith,1957-12-01,F,PA,2023-11-24 16:53:32,2024-09-23 07:20:43
M01242,Susan,Rodriguez,1963-09-16,F,NY,2023-01-19 12:04:16,2023-03-21 16:42:39
M01243,Michael,Williams,1987-10-01,M,NJ,2023-04-19 18:28:42,2024-07-23 18:18:30
M01244,Joseph,Taylor,1955-08-27,M,PA,2023-08-17 09:07:14,2023-11-26 08:45:12
M01245,Mark,Garcia,1974-01-05,M,DE,2023-11-20 11:51:01,2025-03-20 18:21:30
M01246,Richard,Nguyen,1997-10-29,M,NJ,2023-06-11 17:13:34,2024-05-07 09:15:47
M01247,Sarah,Patel,1995-12-17,F,NJ,2023-04-10 17:47:19,2024-07-16 17:11:13
M01248,Anthony,Jones,2001-12-12,M,DE,2023-09-04 09:39:15,2024-09-17 17:17:20
M01249,Daniel,Jones,1977-05-27,M,DE,2023-12-11 16:47:17,2025-05-19 11:58:13
M01250,Sarah,Brown,1951-09-11,F,PA,2023-12-10 14:42:59,2025-02-07 10:45:51
M01251,Linda,Nguyen,1968-05-31,F,DE,2023-08-17 09:06:25,2024-04-15 15:27:55
M01252,Linda,Lee,1974-03-03,F,NJ,2023-05-27 18:32:58,2023-12-21 09:51:47
M01253,Jessica,Garcia,1941-05-17,F,DE,2023-11-10 11:01:49,2024-03-09 14:03:18
M01254,Charles,Johnson,1935-02-19,M,NY,2023-11-27 16:27:46,2024-04-30 15:43:23
M01255,Michael,Lee,1937-06-04,M,PA,2023-12-31 16:15:54,2024-10-29 12:38:25
M01256,Sarah,Rodriguez,1953-10-16,F,NJ,2023-12-26 17:45:21,2024-07-17 14:09:31
M01257,Mary,Johnson,1957-05-23,F,NJ,2023-11-25 12:14:59,2025-04-20 07:52:55
M01258,Amanda,Park,1989-09-08,F,DE,2023-04-22 08:45:26,2023-05-17 14:24:11
M01259,John,Taylor,1966-12-17,M,NY,2023-01-17 10:04:04,2024-04-23 08:57:46
M01260,Charles,Rodriguez,2009-07-17,M,NJ,2023-12-27 09:37:10,2025-03-06 15:35:18
M01261,James,Williams,1960-10-14,M,DE,2023-12-15 17:39:03,2024-12-06 07:48:58
M01262,Susan,Brown,2008-02-04,F,NJ,2023-01-05 18:58:08,2024-06-24 17:20:08
M01263,James,Park,2006-01-11,M,NY,2023-05-04 15:04:25,2024-02-03 07:13:55
M01264,Daniel,Kim,1970-07-03,M,DE,2023-08-15 13:16:05,2023-12-16 07:33:37
M01265,Amanda,Moore,1997-04-09,F,NJ,2023-06-19 15:11:07,2024-12-12 17:36:22
M01266,Jennifer,Kim,1950-10-22,F,DE,2023-08-27 10:35:33,2024-04-14 14:21:10
M01267,Susan,Jackson,2012-03-03,F,DE,2023-03-03 12:52:59,2024-02-20 08:13:43
M01268,James,Miller,1952-11-14,M,DE,2023-11-08 16:34:20,2025-04-23 10:07:18
M01269,Elizabeth,Johnson,1953-06-26,F,DE,2023-11-24 10:49:49,2024-11-29 12:36:52
M01270,Mark,Taylor,1986-06-06,M,NJ,2023-08-24 18:48:13,2024-10-14 07:55:24
M01271,Elizabeth,Anderson,1943-03-10,F,DE,2023-04-10 09:17:01,2023-07-27 10:51:09
M01272,Michael,Johnson,1939-05-16,M,NY,2023-03-31 09:27:16,2023-05-02 17:32:49
M01273,Linda,Rodriguez,1990-09-11,F,NY,2023-12-20 10:05:55,2025-04-14 11:08:59
M01274,Mark,Garcia,1992-08-06,M,PA,2023-12-14 08:04:24,2025-03-26 14:07:15
M01275,Anthony,Martinez,1980-09-10,M,NY,2023-12-15 10:05:51,2024-06-21 11:25:11
M01276,Daniel,Moore,1978-03-23,M,NJ,2023-11-05 11:23:21,2025-06-18 15:57:32
M01277,Patricia,Davis,2000-10-31,F,NJ,2023-05-10 14:35:11,2023-07-24 14:39:07
M01278,James,Anderson,1949-06-11,M,PA,2023-12-06 08:18:28,2024-11-01 14:05:14
M01279,James,Rodriguez,1969-04-15,M,PA,2023-07-30 13:24:28,2024-12-06 09:19:54
M01280,Barbara,Kim,1947-02-05,F,NY,2023-12-10 13:19:08,2024-11-24 14:22:17
M01281,Kevin,Thomas,1936-09-19,M,NJ,2023-12-08 15:12:27,2025-04-13 09:43:50
M01282,Betty,Patel,1993-05-07,F,NY,2023-08-27 12:20:35,2023-11-17 16:52:06
M01283,Patricia,Wilson,2009-09-13,F,NJ,2023-11-17 08:07:34,2024-09-26 08:59:51
M01284,Karen,Anderson,1935-06-20,F,DE,2023-11-24 12:14:52,2024-05-30 18:47:02
M01285,Michael,Taylor,1982-08-04,M,NJ,2023-03-12 09:28:27,2023-03-28 13:46:14
M01286,Joseph,Lee,2014-07-11,M,NY,2023-04-29 13:45:40,2023-10-21 11:37:17
M01287,Mark,Miller,1985-07-24,M,DE,2023-12-29 12:10:23,2024-11-05 07:22:42
M01288,Linda,Rodriguez,1986-07-06,F,DE,2023-04-29 12:57:29,2024-06-28 08:54:22
M01289,Jennifer,Garcia,1943-12-28,F,PA,2023-11-23 14:01:42,2025-09-03 17:04:07
M01290,Amanda,Martin,1948-06-18,F,DE,2023-05-26 08:35:03,2024-11-13 07:17:08
M01291,Linda,Garcia,1982-12-20,F,DE,2023-06-23 14:16:51,2024-01-20 10:58:49
M01292,Emily,Kim,1941-11-28,F,NY,2023-12-08 13:05:05,2025-04-18 11:00:20
M01293,James,Jackson,1940-09-20,M,NJ,2023-12-22 08:13:47,2024-07-14 08:19:00
M01294,Mark,Taylor,1944-06-03,M,PA,2023-11-23 13:53:31,2024-09-16 15:29:26
M01295,Susan,Anderson,1968-07-26,F,NJ,2023-12-12 17:57:30,2025-09-10 07:52:15
M01296,Jennifer,Taylor,1961-11-02,F,DE,2023-07-29 11:31:23,2024-03-06 08:33:42
M01297,Linda,White,1955-09-30,F,DE,2023-12-25 10:31:03,2025-07-10 14:28:28
M01298,Emily,Rodriguez,2005-07-15,F,DE,2023-12-10 09:41:48,2025-05-09 07:20:57
M01299,Emily,Johnson,2006-10-07,F,DE,2023-09-28 14:07:19,2025-02-16 08:37:30
M01300,Grace,Patel,1967-01-25,F,PA,2023-11-23 12:42:39,2024-06-22 07:53:25
M01301,Jessica,Williams,1961-10-19,F,NY,2023-04-18 16:17:56,2024-08-31 18:21:47
M01302,Jessica,Wilson,1974-06-01,F,PA,2023-12-12 15:14:02,2025-03-21 17:43:04
M01303,James,Moore,1969-11-08,M,PA,2023-05-17 12:41:02,2024-08-28 07:51:02
M01304,Amanda,Kim,1960-03-27,F,DE,2023-06-03 18:36:15,2024-05-28 11:02:55
M01305,John,Miller,1979-04-01,M,NY,2023-01-06 14:59:21,2023-06-07 12:16:26
M01306,John,Taylor,1970-11-01,M,NJ,2023-12-05 14:29:24,2025-01-02 18:14:47
M01307,Emily,Johnson,1992-08-02,F,NJ,2023-08-30 10:45:50,2024-08-06 16:36:50
M01308,Susan,Moore,2015-10-01,F,PA,2023-11-12 08:26:30,2024-11-28 13:19:00
M01309,Michael,Rodriguez,1968-09-21,M,NY,2023-12-25 17:43:36,2025-06-12 15:05:17
M01310,Jessica,White,1978-06-19,F,NY,2023-10-05 09:38:10,2024-04-04 09:02:42
M01311,Thomas,Martin,1977-02-01,M,NJ,2023-03-18 18:49:52,2024-05-15 13:23:26
M01312,Jessica,Davis,1945-07-09,F,NJ,2023-04-13 07:21:41,2024-04-12 09:23:58
M01313,David,Jones,2014-12-19,M,NY,2023-11-24 09:36:36,2025-05-16 15:35:12
M01314,Charles,Patel,1939-06-21,M,NY,2023-06-17 15:38:08,2024-01-09 16:07:27
M01315,James,Brown,1978-02-02,M,PA,2023-09-30 15:01:24,2025-01-21 18:44:43
M01316,Anthony,Thomas,1999-10-30,M,NJ,2023-08-29 13:41:23,2025-01-31 12:15:20
M01317,Anthony,Moore,1961-02-21,M,NY,2023-02-21 07:09:25,2023-11-04 09:56:07
M01318,Mark,Taylor,1992-10-25,M,NY,2023-05-21 10:08:08,2024-10-26 15:28:59
M01319,Michael,Martin,1977-03-02,M,PA,2023-01-10 18:24:55,2023-06-03 10:43:39
M01320,Joseph,Williams,1960-08-06,M,DE,2023-02-22 09:54:55,2024-01-13 17:02:00
M01321,David,White,1957-10-27,M,NY,2023-11-20 12:47:54,2024-09-11 17:32:55
M01322,Betty,Nguyen,1957-02-17,F,NJ,2023-12-19 13:18:24,2025-01-09 17:39:20
M01323,Thomas,Park,1963-03-04,M,NY,2023-12-16 13:34:50,2025-03-09 18:37:51
M01324,James,Thomas,1948-09-29,M,NJ,2023-10-14 17:19:56,2024-11-29 08:52:47
M01325,Mark,Garcia,1940-11-06,M,NJ,2023-03-27 07:49:05,2024-06-02 07:33:26
M01326,William,Williams,1955-06-01,M,DE,2023-08-29 15:00:40,2023-10-16 16:42:01
M01327,Emily,Martin,1981-09-24,F,NY,2023-12-30 14:50:33,2024-04-08 08:25:12
M01328,Jessica,Taylor,1983-05-23,F,PA,2023-12-29 17:06:36,2024-09-12 12:47:23
M01329,Patricia,Park,1943-05-30,F,PA,2023-12-02 17:57:46,2024-02-28 13:52:40
M01330,Karen,Moore,1939-09-13,F,PA,2023-08-30 07:44:16,2024-05-25 18:55:57
M01331,Grace,Patel,2012-07-21,F,DE,2023-12-28 07:31:59,2024-05-03 18:36:22
M01332,Emily,Jones,1945-08-13,F,NY,2023-08-08 15:20:39,2024-03-16 15:08:46
M01333,Robert,Garcia,1990-12-29,M,PA,2023-01-11 12:36:57,2023-01-21 16:47:59
M01334,Christopher,Kim,1953-10-15,M,NJ,2023-04-25 17:04:47,2023-07-30 11:17:16
M01335,Amanda,Wilson,1951-04-11,F,NJ,2023-07-20 07:10:36,2024-09-23 12:34:49
M01336,Grace,Johnson,1944-01-20,F,NJ,2023-08-16 11:07:29,2024-02-14 11:10:00
M01337,Sarah,Park,1960-11-26,F,DE,2023-09-14 07:20:08,2024-10-05 07:01:44
M01338,Charles,Nguyen,1937-11-30,M,PA,2023-09-02 17:54:15,2023-11-12 14:34:18
M01339,Charles,Park,1995-11-09,M,NY,2023-12-25 09:08:39,2025-07-07 08:36:22
M01340,Jessica,Smith,1939-09-14,F,NJ,2023-11-26 11:11:54,2025-07-14 10:58:35
M01341,William,Anderson,2012-12-23,M,DE,2023-11-27 12:44:58,2025-02-25 12:50:52
M01342,Patricia,Rodriguez,1991-07-01,F,NJ,2023-04-05 16:34:33,2024-01-25 16:36:21
M01343,Amanda,Patel,1982-10-11,F,PA,2023-08-17 08:50:35,2024-09-14 14:34:26
M01344,Nancy,Martinez,1964-07-23,F,NY,2023-09-17 18:43:43,2024-02-03 12:21:16
M01345,Grace,Thomas,1962-10-02,F,NJ,2023-03-14 07:14:36,2024-11-03 07:35:11
M01346,Karen,Nguyen,2011-10-28,F,PA,2023-11-04 08:20:22,2024-10-14 17:58:07
M01347,Linda,Williams,1949-05-16,F,NJ,2023-12-10 14:03:01,2025-01-30 08:06:18
M01348,David,Johnson,1945-07-02,M,DE,2023-08-11 13:37:50,2025-01-20 09:50:34
M01349,James,Wilson,1978-07-01,M,PA,2023-12-26 13:45:43,2025-06-30 09:39:07
M01350,Mark,Patel,1937-11-03,M,NJ,2023-11-23 15:59:17,2024-06-13 10:54:23
M01351,Robert,Thomas,1963-11-11,M,DE,2023-12-29 12:01:20,2024-07-18 14:10:27
M01352,Robert,Park,1967-01-30,M,PA,2023-09-13 11:37:42,2024-02-24 10:08:06
M01353,Grace,Thomas,1997-11-12,F,NJ,2023-11-27 15:18:06,2024-05-09 11:55:39
M01354,Nancy,Smith,1969-05-12,F,NJ,2023-12-18 10:15:21,2025-09-21 07:17:32
M01355,Sarah,Garcia,1965-12-07,F,NJ,2023-05-08 15:10:06,2023-08-07 15:50:31
M01356,William,Jackson,1959-02-07,M,NY,2023-12-16 16:25:20,2025-06-14 17:43:22
M01357,Patricia,Williams,2012-08-30,F,NJ,2023-12-12 15:39:09,2024-01-10 16:06:41
M01358,Amanda,Kim,1989-07-28,F,DE,2023-12-02 17:48:58,2024-06-05 16:52:03
M01359,Betty,Jones,1998-10-08,F,NJ,2023-02-17 11:42:34,2023-09-26 16:13:46
M01360,Jessica,Williams,2005-07-14,F,NY,2023-11-23 08:24:44,2025-01-25 18:37:42
M01361,Sarah,Kim,2005-09-07,F,PA,2023-05-27 09:59:03,2024-10-12 18:29:06
M01362,Charles,Rodriguez,1998-09-05,M,PA,2023-08-16 16:26:38,2024-11-29 11:37:04
M01363,Jennifer,Martinez,1999-02-14,F,PA,2023-08-22 11:06:13,2024-02-02 08:21:30
M01364,Amanda,Rodriguez,1994-01-12,F,NJ,2023-12-25 12:28:31,2024-04-01 10:12:12
M01365,Robert,Brown,1958-12-19,M,NY,2023-11-09 10:25:29,2024-02-25 13:55:03
M01366,Emily,Thomas,2013-01-03,F,DE,2023-11-25 07:49:54,2024-01-13 18:01:51
M01367,Charles,Garcia,2006-11-12,M,DE,2023-08-01 11:36:26,2025-01-16 11:31:50
M01368,Anthony,Brown,1946-07-25,M,DE,2023-11-14 17:42:06,2024-09-08 09:54:57
M01369,Grace,Smith,1946-07-14,F,DE,2023-12-20 11:07:02,2025-08-16 09:24:08
M01370,Mark,Williams,1938-07-16,M,NY,2023-09-20 07:23:38,2025-02-22 16:02:26
M01371,Joseph,Brown,1978-11-13,M,PA,2023-09-05 11:27:28,2024-06-20 17:22:56
M01372,James,Chen,1961-06-15,M,PA,2023-08-17 18:55:53,2024-05-03 13:15:21
M01373,Daniel,Rodriguez,1984-10-16,M,DE,2023-03-20 12:34:40,2024-10-25 15:50:05
M01374,Robert,Johnson,1983-12-03,M,NJ,2023-12-13 11:17:17,2025-09-09 15:53:39
M01375,Mary,Patel,1996-07-29,F,NY,2023-05-30 17:57:00,2024-11-27 12:54:41
M01376,James,Thomas,2007-01-10,M,PA,2023-03-04 12:36:11,2024-02-16 14:58:25
M01377,Patricia,Brown,1989-03-02,F,PA,2023-12-28 11:31:22,2025-01-03 13:00:35
M01378,Joseph,Davis,1941-09-08,M,PA,2023-11-23 10:46:02,2024-09-30 15:23:25
M01379,Robert,Jackson,2011-09-08,M,DE,2023-02-23 15:36:25,2023-10-31 13:17:48
M01380,Thomas,Lee,1973-02-24,M,NY,2023-11-14 09:14:53,2024-11-26 08:19:00
M01381,Robert,Miller,1935-10-13,M,DE,2023-03-18 07:16:22,2024-08-03 10:36:39
M01382,Grace,Miller,1936-04-07,F,PA,2023-07-19 18:47:40,2025-02-28 07:15:05
M01383,Jennifer,Jones,1985-05-06,F,NY,2023-11-18 09:57:07,2025-11-22 08:42:51
M01384,Joseph,Moore,1966-09-26,M,PA,2023-07-12 08:37:05,2025-01-22 09:13:23
M01385,Anthony,White,1941-03-11,M,PA,2023-11-30 11:34:51,2025-04-05 11:59:50
M01386,Mary,Nguyen,1978-03-10,F,NJ,2023-03-02 13:16:47,2023-04-24 15:20:25
M01387,Richard,Lee,1986-11-24,M,NY,2023-06-29 10:33:41,2024-06-30 09:32:43
M01388,Joseph,Anderson,1991-07-24,M,DE,2023-12-18 12:52:57,2025-10-07 11:53:09
M01389,Thomas,Wilson,1947-08-29,M,DE,2023-07-30 11:35:41,2023-12-26 12:48:11
M01390,Susan,Jones,1973-10-06,F,NY,2023-02-14 16:31:36,2023-04-15 10:22:56
M01391,Susan,Brown,2011-09-06,F,DE,2023-09-24 09:51:02,2025-02-19 18:27:41
M01392,Richard,Wilson,1998-12-05,M,NJ,2023-12-04 08:40:02,2025-02-01 14:22:42
M01393,Amanda,Anderson,1981-01-27,F,NY,2023-07-14 17:08:50,2023-11-26 18:19:38
M01394,Barbara,Jackson,1999-09-19,F,NY,2023-12-22 13:57:25,2024-01-31 14:21:19
M01395,William,Anderson,1961-12-04,M,PA,2023-12-13 13:00:17,2024-10-24 12:53:03
M01396,Grace,Martin,2015-05-10,F,PA,2023-12-18 17:09:25,2025-07-13 15:30:53
M01397,Sarah,Lee,1955-01-26,F,DE,2023-12-21 17:09:15,2025-11-30 16:48:19
M01398,Jessica,Jones,1942-09-15,F,NY,2023-10-30 10:36:26,2024-02-21 12:32:59
M01399,Linda,Davis,1989-12-27,F,NY,2023-07-07 14:54:19,2024-06-20 08:09:42
M01400,Amanda,Rodriguez,1976-07-21,F,NJ,2023-05-28 12:08:08,2025-01-09 15:09:48
M01401,Anthony,Thomas,1995-08-13,M,NJ,2023-12-21 17:55:48,2025-08-01 14:43:11
M01402,Mark,Lee,2011-02-21,M,NJ,2023-12-26 13:12:09,2025-05-10 18:38:56
M01403,Anthony,Lee,1942-12-05,M,PA,2023-12-09 09:54:17,2024-04-18 12:35:21
M01404,Michael,Jones,1981-01-05,M,NY,2023-09-16 07:31:47,2023-10-07 16:00:19
M01405,Nancy,Chen,1968-08-12,F,NY,2023-12-09 14:02:29,2024-09-28 16:26:28
M01406,Karen,Rodriguez,1952-03-21,F,DE,2023-11-22 15:49:53,2024-11-07 15:01:32
M01407,John,Jackson,1947-05-15,M,PA,2023-11-21 08:35:10,2025-10-27 17:34:53
M01408,Anthony,Chen,1953-02-26,M,PA,2023-05-05 08:26:58,2024-02-16 07:44:15
M01409,Nancy,Moore,1938-09-27,F,PA,2023-03-18 11:59:14,2023-10-18 15:22:17
M01410,Jessica,Wilson,1940-02-02,F,DE,2023-03-23 16:32:49,2023-08-29 11:22:46
M01411,Michael,Johnson,1951-08-19,M,NY,2023-11-28 11:39:39,2025-04-16 16:56:35
M01412,Thomas,Williams,1991-11-16,M,PA,2023-05-22 17:56:01,2023-06-23 18:27:51
M01413,William,Park,1945-02-10,M,DE,2023-11-18 13:36:09,2025-10-07 07:40:45
M01414,Mary,Park,1997-02-01,F,NJ,2023-12-27 17:49:16,2025-12-17 18:20:20
M01415,Mark,Thomas,1960-07-07,M,NY,2023-07-11 17:51:52,2024-08-01 08:32:20
M01416,Kevin,Garcia,1983-06-19,M,DE,2023-02-04 14:58:19,2023-06-21 12:23:59
M01417,Grace,Thomas,1936-12-16,F,DE,2023-06-18 13:53:10,2024-01-31 13:57:37
M01418,Susan,Patel,1981-11-04,F,NY,2023-06-30 17:57:55,2023-07-13 07:14:26
M01419,Michael,Brown,2009-12-03,M,NJ,2023-11-27 08:00:45,2024-07-25 14:03:46
M01420,Mary,Martin,1987-08-08,F,NY,2023-11-22 09:21:47,2024-11-29 14:18:00
M01421,Emily,Chen,1970-01-07,F,DE,2023-12-11 13:44:05,2024-07-31 18:30:41
M01422,Barbara,Wilson,1996-04-09,F,PA,2023-02-14 09:00:48,2024-03-26 08:08:03
M01423,John,Kim,1979-04-10,M,DE,2023-03-05 18:52:50,2023-07-03 15:03:49
M01424,Elizabeth,Chen,2010-05-04,F,NJ,2023-11-19 09:08:09,2025-05-19 11:35:16
M01425,Karen,Brown,1936-03-14,F,NJ,2023-09-04 10:13:48,2024-12-22 12:55:25
M01426,John,Lee,1938-04-23,M,NJ,2023-08-19 12:26:19,2023-11-21 10:39:58
M01427,Patricia,Anderson,1984-08-13,F,DE,2023-11-26 14:15:57,2025-06-06 18:27:07
M01428,Emily,Martin,1951-10-06,F,DE,2023-11-21 15:33:14,2024-09-01 13:01:06
M01429,Jessica,Lee,1991-04-08,F,NJ,2023-04-06 17:19:57,2024-10-13 16:24:40
M01430,Sarah,Martin,1989-10-02,F,PA,2023-04-05 11:32:45,2024-09-25 08:55:01
M01431,Jessica,Jones,2002-03-19,F,NY,2023-12-10 13:45:47,2024-11-15 16:17:04
M01432,Kevin,Davis,1953-07-23,M,DE,2023-12-10 08:28:59,2025-05-19 13:56:35
M01433,James,Chen,1962-02-09,M,NY,2023-12-14 14:08:26,2025-06-29 14:21:49
M01434,Emily,Patel,2013-09-06,F,DE,2023-12-07 10:52:03,2025-07-28 15:10:54
M01435,Barbara,Martinez,2004-03-10,F,NY,2023-01-13 10:38:40,2023-08-20 11:56:38
M01436,Michael,Lee,1953-07-18,M,NJ,2023-03-07 12:22:24,2023-06-09 11:02:23
M01437,Daniel,Rodriguez,1981-05-28,M,NY,2023-05-28 09:45:55,2023-07-09 14:34:16
M01438,Betty,Nguyen,1994-07-31,F,NJ,2023-11-10 14:45:54,2024-05-20 16:53:59
M01439,Grace,Thomas,1945-02-12,F,DE,2023-11-18 14:42:10,2024-06-26 12:26:32
M01440,Jennifer,Chen,1962-10-06,F,NJ,2023-07-05 18:09:31,2024-12-27 11:37:25
M01441,Thomas,Chen,1998-02-19,M,PA,2023-06-04 13:29:31,2023-08-07 09:38:47
M01442,Betty,White,1976-12-06,F,PA,2023-12-24 12:01:15,2026-01-01 17:49:46
M01443,Jessica,Williams,1941-02-20,F,NY,2023-11-27 14:11:58,2024-10-16 15:57:24
M01444,William,White,1977-11-06,M,NJ,2023-06-14 10:15:03,2023-06-25 10:35:38
M01445,Robert,Johnson,2007-04-22,M,NY,2023-05-13 18:16:28,2023-12-04 10:36:07
M01446,Emily,Brown,1952-05-13,F,PA,2023-09-28 07:02:42,2023-10-05 09:29:10
M01447,Jessica,Jones,1963-02-26,F,DE,2023-03-28 15:06:14,2024-08-26 12:02:53
M01448,Amanda,Wilson,2001-04-04,F,NY,2023-04-25 13:05:39,2024-09-10 07:25:00
M01449,Charles,Jackson,1979-05-14,M,NY,2023-03-08 13:56:49,2023-11-03 08:17:08
M01450,Linda,White,1954-06-19,F,PA,2023-11-25 10:17:39,2024-03-30 08:46:09
M01451,Robert,Lee,1990-02-03,M,NJ,2023-01-25 11:31:48,2023-12-23 18:58:59
M01452,Barbara,Moore,1967-04-22,F,DE,2023-10-21 10:48:09,2025-03-23 18:46:10
M01453,Linda,Martinez,1988-02-27,F,NY,2023-09-26 16:18:14,2024-02-16 09:10:23
M01454,William,Smith,1991-09-07,M,DE,2023-10-01 13:45:13,2023-12-24 18:52:41
M01455,John,Rodriguez,1985-02-02,M,DE,2023-03-16 11:57:32,2024-08-19 10:15:39
M01456,Joseph,Thomas,1953-06-30,M,NJ,2023-06-15 15:10:33,2024-02-07 13:10:41
M01457,Sarah,Smith,2000-12-22,F,DE,2023-10-03 17:58:39,2024-07-02 16:27:32
M01458,Mark,Anderson,1977-03-05,M,NJ,2023-10-24 07:43:47,2025-03-27 13:33:00
M01459,Elizabeth,Rodriguez,1950-04-07,F,DE,2023-12-01 12:24:27,2024-10-04 11:16:29
M01460,Christopher,Rodriguez,2014-02-14,M,NJ,2023-01-22 11:46:09,2023-04-04 15:56:08
M01461,Richard,Kim,2006-12-09,M,DE,2023-07-19 10:42:12,2024-11-06 18:09:25
M01462,Thomas,Anderson,1990-06-08,M,PA,2023-11-23 08:03:50,2025-11-06 08:35:51
M01463,Emily,Rodriguez,1979-06-15,F,NY,2023-06-12 17:19:03,2024-05-24 09:01:49
M01464,Mark,Nguyen,1994-10-15,M,DE,2023-12-09 13:12:38,2024-06-21 16:17:18
M01465,Mary,Williams,1953-06-15,F,PA,2023-12-25 11:52:21,2025-04-16 18:40:27
M01466,Elizabeth,Thomas,1975-10-14,F,NY,2023-06-03 08:41:25,2023-07-06 12:49:58
M01467,Barbara,Wilson,1958-01-25,F,PA,2023-11-27 13:24:03,2025-08-30 11:07:10
M01468,Robert,Smith,1996-02-01,M,DE,2023-01-11 16:25:29,2023-05-04 15:34:29
M01469,Sarah,Moore,1944-06-26,F,PA,2023-03-21 07:05:43,2023-12-01 12:42:12
M01470,Kevin,Johnson,2009-11-12,M,NY,2023-11-20 15:55:24,2024-09-08 14:02:33
M01471,John,Kim,1996-12-17,M,NY,2023-12-15 11:19:18,2024-08-04 09:15:40
M01472,Mark,Patel,1947-01-31,M,NJ,2023-04-05 13:35:37,2023-12-07 07:47:32
M01473,Joseph,Jackson,1984-12-16,M,PA,2023-02-15 14:57:30,2023-06-14 10:12:49
M01474,Kevin,White,2014-09-30,M,NJ,2023-05-12 16:06:59,2024-04-28 13:21:41
M01475,Karen,Rodriguez,1990-05-13,F,PA,2023-12-10 08:25:18,2025-07-08 15:28:00
M01476,Grace,Martin,1993-12-06,F,NY,2023-11-25 10:39:52,2025-01-24 16:08:45
M01477,Elizabeth,Thomas,1996-08-16,F,PA,2023-12-29 13:03:56,2024-09-19 15:10:30
M01478,Jessica,Rodriguez,1995-05-17,F,PA,2023-03-06 15:28:41,2023-06-22 07:23:29
M01479,Christopher,Taylor,1975-11-24,M,PA,2023-05-15 14:50:50,2024-11-15 17:42:34
M01480,Grace,Brown,1960-05-10,F,NY,2023-10-09 11:25:41,2024-04-14 17:09:48
M01481,Betty,Anderson,1946-04-18,F,PA,2023-11-17 14:17:49,2024-01-20 12:22:07
M01482,Anthony,Davis,1962-03-31,M,NJ,2023-12-23 09:06:48,2024-08-02 11:57:33
M01483,Charles,Jackson,1988-11-19,M,NJ,2023-09-17 14:16:19,2025-01-13 18:13:10
M01484,John,Brown,1980-08-16,M,NJ,2023-12-05 10:14:38,2024-03-07 12:04:36
M01485,Grace,Thomas,1988-08-11,F,NJ,2023-12-07 17:13:28,2025-01-16 12:24:02
M01486,Jessica,Johnson,2008-07-27,F,PA,2023-12-30 08:12:25,2024-05-08 16:41:44
M01487,Charles,Brown,1954-11-09,M,NY,2023-05-10 14:05:56,2023-06-26 10:19:35
M01488,Linda,Park,2002-05-07,F,NY,2023-10-30 14:14:54,2025-03-09 16:59:26
M01489,William,Thomas,1969-09-03,M,DE,2023-06-26 13:39:43,2023-08-27 07:18:07
M01490,David,Miller,2001-08-06,M,DE,2023-11-27 09:25:27,2025-03-27 09:56:27
M01491,Daniel,White,1935-06-11,M,NY,2023-12-24 15:35:06,2025-07-22 10:20:02
M01492,Emily,Taylor,1982-05-28,F,DE,2023-12-24 14:12:27,2026-01-22 18:14:46
M01493,Thomas,Smith,1980-09-13,M,DE,2023-12-25 14:28:51,2024-04-20 09:50:34
M01494,William,Martinez,1945-09-23,M,NY,2023-09-23 15:05:55,2024-11-16 12:42:17
M01495,Linda,White,1979-01-24,F,PA,2023-10-29 09:42:15,2025-02-14 11:57:24
M01496,Jennifer,Moore,1983-01-05,F,DE,2023-12-11 12:08:40,2025-04-16 15:59:23
M01497,Emily,Jones,1981-11-12,F,DE,2023-04-23 11:28:55,2024-03-15 18:38:53
M01498,Joseph,White,1974-05-07,M,DE,2023-12-25 13:05:34,2024-12-29 14:40:17
M01499,Betty,Lee,1980-02-07,F,NJ,2023-12-02 09:48:11,2024-07-02 14:50:53
M01500,William,Garcia,1940-01-20,M,DE,2023-07-25 13:32:49,2024-06-13 13:08:11
