eligibility_segment_id,member_id,plan_id,effective_date,term_date,updated_at
E00001,M00001,8T3B27,2024-01-01,2024-06-09,2024-06-12 16:40:44
E00002,M00001,8T3B27,2024-07-02,,2024-06-29 08:54:27
E00003,M00002,8T3B27,2024-01-01,2024-06-29,2024-07-04 15:48:34
E00004,M00002,8T3B27,2024-07-13,,2024-08-12 15:34:15
E00005,M00003,7D3A51,2024-01-01,,2023-12-19 11:17:53
E00006,M00004,7K2B34,2024-01-01,,2023-12-29 13:50:30
E00007,M00005,7L6A25,2024-01-01,2025-03-03,2025-02-11 09:16:29
E00008,M00005,7L6A25,2025-09-11,,2025-09-09 15:54:29
E00009,M00006,4M7A21,2024-01-01,2024-06-02,2024-05-16 15:17:02
E00010,M00006,4M7A21,2024-06-09,2026-06-30,2026-06-17 10:35:25
E00011,M00007,9H6C31,2024-01-01,,2023-12-30 14:07:32
E00012,M00008,7K2B34,2024-01-01,,2023-12-16 15:51:33
E00013,M00009,5P7C12,2024-01-01,,2023-12-27 11:54:07
E00014,M00010,7K2B34,2024-01-01,2024-10-31,2024-10-16 11:50:37
E00015,M00010,7K2B34,2025-06-22,,2025-07-26 09:08:28
E00016,M00011,7K2B34,2024-01-01,2024-05-04,2024-04-27 12:26:12
E00017,M00011,7K2B34,2024-05-30,,2024-05-29 17:22:58
E00018,M00012,5P2A46,2024-01-01,,2023-12-17 15:51:14
E00019,M00013,4M7A21,2024-01-01,2024-02-19,2024-02-22 16:57:19
E00020,M00013,4M7A21,2024-03-17,2026-06-30,2026-06-23 09:51:38
E00021,M00014,4M7A21,2024-01-01,,2023-12-18 15:20:48
E00022,M00015,2R6A18,2024-01-01,,2024-01-02 14:23:32
E00023,M00016,8T3B27,2024-01-01,2026-06-30,2026-06-27 08:06:43
E00024,M00017,9H3A67,2024-01-01,,2023-12-17 09:32:47
E00025,M00018,8T3B27,2024-01-01,,2023-12-30 16:40:01
E00026,M00019,3V4B58,2024-01-01,2026-06-30,2026-06-28 09:43:02
E00027,M00020,9H6C31,2024-01-01,,2023-12-17 17:42:16
E00028,M00021,8T3B27,2024-01-01,2024-07-19,2024-07-13 09:48:59
E00029,M00021,8T3B27,2026-03-07,,2026-04-21 08:32:18
E00030,M00022,8T3B27,2024-01-01,2024-05-22,2024-06-19 15:24:06
E00031,M00022,8T3B27,2025-03-20,2026-06-30,2026-06-29 14:56:57
E00032,M00023,7D3A51,2024-01-01,2026-06-30,2026-07-03 15:10:46
E00033,M00024,8T3B27,2024-01-01,2024-12-31,2024-12-30 13:15:58
E00034,M00024,8T3B27,2025-01-30,,2025-06-11 09:41:29
E00035,M00025,5P2A46,2024-01-01,2026-06-30,2026-06-24 10:31:46
E00036,M00026,4M8C16,2024-01-01,2024-05-31,2024-07-14 09:16:57
E00037,M00026,4M8C16,2024-12-29,2025-09-23,2025-09-06 17:18:19
E00038,M00026,4M8C16,2025-10-17,2026-02-28,2026-03-06 11:48:56
E00039,M00026,4N3B62,2026-03-01,2026-06-30,2026-02-21 12:07:36
E00040,M00027,2R9C41,2024-01-01,2024-02-15,2024-02-08 10:40:58
E00041,M00027,2R9C41,2024-02-18,2024-06-01,2024-05-28 09:37:20
E00042,M00027,2R9C41,2024-06-28,,2024-07-03 12:27:03
E00043,M00028,2R6A18,2024-01-01,,2023-12-18 13:12:30
E00044,M00029,8T3B27,2024-01-01,2024-03-06,2024-02-22 17:14:04
E00045,M00029,8T3B27,2024-03-23,,2024-03-04 13:44:21
E00046,M00030,2R9C41,2024-01-01,2024-03-24,2024-03-28 09:37:31
E00047,M00030,2R6A18,2024-03-25,,2024-04-28 13:59:42
E00048,M00031,4M7A21,2024-01-01,2026-06-30,2026-07-18 11:15:54
E00049,M00032,7K2B34,2024-01-01,,2023-12-13 16:07:26
E00050,M00033,2R6A18,2024-01-01,,2024-01-09 16:38:19
E00051,M00034,8T3B27,2024-01-01,2024-04-09,2024-03-24 08:10:21
E00052,M00034,8T3B27,2024-04-27,,2024-04-18 08:20:33
E00053,M00035,5P2A46,2024-01-01,,2023-12-27 17:53:41
E00054,M00036,7K2B34,2024-01-01,2024-07-22,2024-07-16 16:46:27
E00055,M00036,7K2B34,2024-08-16,,2024-08-17 14:55:08
E00056,M00037,7D3A51,2024-01-01,2026-06-30,2026-06-15 17:29:34
E00057,M00038,8U7C14,2024-01-01,2024-02-29,2024-02-29 10:56:44
E00058,M00038,8U7C14,2024-03-26,,2024-03-05 10:32:42
E00059,M00039,8T3B27,2024-01-01,,2023-12-21 12:05:52
E00060,M00040,9H3A67,2024-01-01,2026-06-30,2026-07-02 11:01:25
E00061,M00041,2R6A18,2024-01-01,2024-09-16,2024-09-17 13:03:04
E00062,M00042,7K2B34,2024-01-01,,2024-01-05 16:04:30
E00063,M00043,7D3A51,2024-01-01,,2023-12-25 12:07:14
E00064,M00044,4F9C63,2024-01-01,2024-10-24,2024-10-18 08:17:28
E00065,M00044,4F9C63,2024-11-13,2025-02-18,2025-01-20 10:27:03
E00066,M00044,4F9C63,2025-05-03,,2025-06-07 17:19:23
E00067,M00045,8T3B27,2024-01-01,2026-06-30,2026-06-15 09:30:04
E00068,M00046,4F9C63,2024-01-01,,2024-01-01 13:40:00
E00069,M00047,2R9C41,2024-01-01,,2023-12-18 15:03:09
E00070,M00048,5P7C12,2024-01-01,,2023-12-29 11:35:42
E00071,M00049,4M8C16,2024-01-01,,2023-12-15 08:09:57
E00072,M00050,2R6A18,2024-01-01,2024-04-24,2024-04-17 12:41:10
E00073,M00050,2R6A18,2025-05-30,2025-09-17,2025-09-20 10:44:18
E00074,M00050,2R6A18,2025-09-25,,2025-11-03 15:41:30
E00075,M00051,4F9C63,2024-01-01,,2023-12-21 12:25:42
E00076,M00052,4M7A21,2024-01-01,,2024-01-19 11:00:50
E00077,M00053,7K2B34,2024-01-01,,2023-12-30 11:55:40
E00078,M00054,8T3B27,2024-01-01,,2023-12-20 14:32:54
E00079,M00055,4M7A21,2024-01-01,2024-09-16,2024-09-09 13:52:14
E00080,M00055,4M7A21,2024-09-18,,2024-09-21 13:30:13
E00081,M00056,2S4D73,2024-01-01,2024-11-25,2024-11-04 13:19:49
E00082,M00056,2S4D73,2024-11-30,,2024-12-04 17:17:20
E00083,M00057,4M7A21,2024-01-01,2024-09-25,2024-09-19 08:44:05
E00084,M00057,4M7A21,2024-10-12,2026-06-30,2026-07-04 14:42:31
E00085,M00058,2R6A18,2024-01-01,,2023-12-28 17:53:58
E00086,M00059,1X5B24,2024-01-01,,2023-12-31 17:32:07
E00087,M00060,2R9C41,2024-01-01,,2023-12-28 10:03:44
E00088,M00061,4F9C63,2024-01-01,2024-10-19,2024-10-03 10:21:13
E00089,M00061,4F9C63,2024-10-26,2025-07-25,2025-07-25 14:37:17
E00090,M00061,4F9C63,2025-08-19,,2026-01-30 09:00:53
E00091,M00062,2R6A18,2024-01-01,2024-02-27,2024-02-28 10:04:28
E00092,M00062,2R6A18,2025-06-30,,2025-07-02 10:10:49
E00093,M00063,4F9C63,2024-01-01,,2023-12-26 12:19:08
E00094,M00064,8T3B27,2024-01-01,2024-07-25,2024-07-14 08:04:10
E00095,M00064,8T3B27,2024-08-29,2026-06-30,2026-08-01 10:31:30
E00096,M00065,8T3B27,2024-01-01,2024-09-22,2024-09-25 12:38:52
E00097,M00065,8T3B27,2024-09-25,2026-06-30,2026-06-29 12:48:56
E00098,M00066,2R9C41,2024-01-01,2024-08-09,2024-07-22 13:07:36
E00099,M00066,2R9C41,2024-08-21,2025-01-31,2025-02-01 10:28:18
E00100,M00066,2S4D73,2025-02-01,,2025-01-15 10:23:11
E00101,M00067,3V4B58,2024-01-01,,2023-12-20 12:01:39
E00102,M00068,2R9C41,2024-01-01,2025-04-30,2025-05-04 12:19:36
E00103,M00068,2S4D73,2025-05-01,,2025-04-16 09:48:32
E00104,M00069,2R6A18,2024-01-01,,2023-12-25 10:18:57
E00105,M00070,7K2B34,2024-01-01,,2023-12-18 14:50:23
E00106,M00071,9H3A67,2024-01-01,2024-06-24,2024-06-19 10:48:32
E00107,M00071,9H6C31,2024-06-25,,2024-07-02 10:18:41
E00108,M00072,8T3B27,2024-01-01,,2023-12-23 09:02:03
E00109,M00073,9H6C31,2024-01-01,,2023-12-21 14:21:04
E00110,M00074,2R6A18,2024-01-01,2026-06-30,2026-06-29 14:27:32
E00111,M00075,5P2A46,2024-01-01,,2023-12-16 12:00:43
E00112,M00076,7K2B34,2024-01-01,2024-05-02,2024-05-06 10:30:35
E00113,M00076,7K2B34,2024-05-13,2024-07-27,2024-07-24 11:16:55
E00114,M00076,7K2B34,2026-03-21,,2026-03-22 09:40:24
E00115,M00077,9G2D54,2024-01-01,2026-06-30,2026-06-28 10:20:36
E00116,M00078,7K2B34,2024-01-01,,2023-12-14 15:55:14
E00117,M00079,8T5D52,2024-01-01,,2023-12-11 12:55:37
E00118,M00080,4N3B62,2024-01-01,2025-01-15,2024-12-20 12:19:12
E00119,M00080,4N3B62,2025-01-27,,2025-02-19 16:41:09
E00120,M00081,4N3B62,2024-01-01,2024-04-14,2024-04-19 13:35:34
E00121,M00081,4N3B62,2024-04-19,2024-10-18,2024-11-22 15:15:28
E00122,M00081,4N3B62,2025-12-23,,2025-12-26 09:25:47
E00123,M00082,6J8D23,2024-01-01,2024-08-31,2024-09-03 16:22:43
E00124,M00082,6K7A45,2024-09-01,,2024-08-26 07:30:06
E00125,M00083,8T3B27,2024-01-01,2024-08-28,2024-08-21 14:08:09
E00126,M00083,8T3B27,2024-09-21,,2024-09-20 11:07:40
E00127,M00084,8T5D52,2024-01-01,,2023-12-14 08:11:36
E00128,M00085,8T3B27,2024-01-01,2024-05-04,2024-04-27 08:07:09
E00129,M00085,8T3B27,2024-05-13,,2024-06-04 09:17:21
E00130,M00086,4M7A21,2024-01-01,,2024-02-09 16:19:36
E00131,M00087,5Q6B29,2024-01-01,,2024-01-27 16:09:44
E00132,M00088,8T3B27,2024-01-01,,2024-02-15 16:57:58
E00133,M00089,2L8D37,2024-01-01,,2024-01-08 11:35:22
E00134,M00090,7K2B34,2024-01-01,2024-11-06,2024-11-26 12:32:36
E00135,M00090,7K2B34,2024-11-16,,2024-11-13 11:58:22
E00136,M00091,6J4B71,2024-01-01,2026-06-30,2026-06-03 14:27:14
E00137,M00092,2R6A18,2024-01-01,2024-10-23,2024-10-15 09:09:12
E00138,M00092,2R6A18,2024-11-28,,2024-11-16 12:08:20
E00139,M00093,2R6A18,2024-01-01,2026-06-30,2026-07-05 12:46:53
E00140,M00094,7K2B34,2024-01-01,,2023-12-22 11:17:22
E00141,M00095,8T3B27,2024-01-01,,2023-12-25 12:11:59
E00142,M00096,7K2B34,2024-01-01,2026-06-30,2026-07-18 09:28:50
E00143,M00097,7K2B34,2024-01-01,,2024-01-05 10:21:28
E00144,M00098,6K5C18,2024-01-01,2025-01-27,2025-01-29 09:51:40
E00145,M00098,6K7A45,2025-01-28,,2025-01-19 13:19:18
E00146,M00099,4M7A21,2024-01-01,,2023-12-16 09:35:57
E00147,M00100,5P2A46,2024-01-01,2024-09-17,2024-09-09 14:25:06
E00148,M00100,5P7C12,2024-09-18,2025-07-01,2025-06-09 13:52:05
E00149,M00100,5P2A46,2025-07-02,2025-12-31,2026-01-02 14:28:04
E00150,M00100,5Q9D36,2026-01-01,2026-06-30,2025-12-21 17:07:45
E00151,M00101,4M7A21,2024-01-01,,2024-01-20 09:37:25
E00152,M00102,4M7A21,2024-01-01,2024-04-10,2024-04-07 13:36:22
E00153,M00102,4M7A21,2025-04-05,,2025-03-15 15:06:18
E00154,M00103,5P7C12,2024-01-01,2024-08-20,2024-10-03 15:45:56
E00155,M00103,5P2A46,2024-08-21,2025-04-24,2025-04-19 17:20:18
E00156,M00103,5P7C12,2025-04-25,,2025-04-24 16:55:09
E00157,M00104,9H3A67,2024-01-01,2024-07-23,2024-06-27 10:56:55
E00158,M00104,9H6C31,2024-07-29,,2024-07-25 10:11:35
E00159,M00105,7K2B34,2024-01-01,,2023-12-12 16:29:01
E00160,M00106,4M7A21,2024-01-01,2024-05-17,2024-05-17 08:55:40
E00161,M00106,4M8C16,2024-05-18,,2024-05-24 14:36:45
E00162,M00107,2R6A18,2024-01-01,2024-10-06,2024-10-01 12:51:35
E00163,M00107,2R6A18,2024-11-22,2025-07-27,2025-07-22 10:38:03
E00164,M00108,3V4B58,2024-01-01,,2024-02-10 12:24:04
E00165,M00109,4M8C16,2024-01-01,2024-09-19,2024-09-12 14:41:04
E00166,M00109,4M8C16,2024-10-06,,2024-10-31 14:28:40
E00167,M00110,8T3B27,2024-01-01,,2023-12-12 14:25:19
E00168,M00111,6J8D23,2024-01-01,,2024-01-18 12:31:03
E00169,M00112,7K2B34,2024-01-01,,2024-02-02 16:16:47
E00170,M00113,7K2B34,2024-01-01,2026-06-30,2026-07-03 14:20:14
E00171,M00114,6J4B71,2024-01-01,2024-09-17,2024-08-25 14:25:32
E00172,M00114,6J8D23,2024-09-18,2026-06-30,2026-06-19 09:32:19
E00173,M00115,7D3A51,2024-01-01,2024-12-21,2024-12-14 08:46:03
E00174,M00115,7D3A51,2025-01-08,,2025-01-15 16:26:37
E00175,M00116,6K7A45,2024-01-01,,2023-12-21 10:29:28
E00176,M00117,1X5B24,2024-01-01,2024-06-16,2024-07-11 09:45:11
E00177,M00117,1X5B24,2025-08-11,2025-11-02,2025-10-27 15:41:09
E00178,M00117,1X5B24,2025-11-10,,2025-10-29 17:24:02
E00179,M00118,3W7A43,2024-01-01,2024-07-07,2024-08-21 16:11:19
E00180,M00118,3W2C61,2024-07-08,2026-06-30,2026-06-08 11:28:57
E00181,M00119,7K4D09,2024-01-01,2024-10-21,2024-10-18 11:29:29
E00182,M00119,7K4D09,2025-12-25,,2026-01-11 08:12:32
E00183,M00120,3W2C61,2024-01-01,2024-03-31,2024-04-01 16:54:58
E00184,M00120,3V4B58,2024-04-01,,2024-03-17 17:13:31
E00185,M00121,1X5B24,2024-01-01,,2024-02-11 09:47:46
E00186,M00122,7K2B34,2024-01-01,2024-04-24,2024-04-21 13:23:10
E00187,M00122,7K2B34,2025-06-20,2025-09-29,2025-09-23 12:37:28
E00188,M00122,7K2B34,2026-03-06,,2026-03-23 15:38:51
E00189,M00123,4M7A21,2024-01-01,2024-07-07,2024-07-08 09:51:05
E00190,M00123,4M8C16,2024-07-08,2025-02-04,2025-02-08 11:27:08
E00191,M00123,4M7A21,2025-02-25,2026-06-30,2026-06-17 08:17:55
E00192,M00124,7K2B34,2024-01-01,2024-03-02,2024-03-05 14:57:14
E00193,M00124,7K2B34,2024-03-06,,2024-03-11 15:48:43
E00194,M00125,7K4D09,2024-01-01,2024-09-16,2024-09-10 10:53:29
E00195,M00125,7K4D09,2024-10-01,2025-03-16,2025-04-27 17:53:37
E00196,M00126,2R6A18,2024-01-01,2024-09-13,2024-10-18 15:15:04
E00197,M00126,2R6A18,2025-02-25,,2025-03-26 15:04:57
E00198,M00127,2R6A18,2024-01-01,,2023-12-29 08:11:35
E00199,M00128,8T3B27,2024-01-01,,2023-12-21 15:33:37
E00200,M00129,4M7A21,2024-01-01,,2023-12-18 13:45:06
E00201,M00130,3V4B58,2024-01-01,,2023-12-23 12:27:44
E00202,M00131,8T3B27,2024-01-01,,2023-12-18 12:54:56
E00203,M00132,8T3B27,2024-01-01,,2023-12-16 15:43:41
E00204,M00133,4M7A21,2024-01-01,2026-06-30,2026-06-01 12:52:54
E00205,M00134,7K2B34,2024-01-01,2025-03-06,2025-03-07 10:05:22
E00206,M00135,4M8C16,2024-01-01,2026-06-30,2026-07-05 12:33:33
E00207,M00136,7D3A51,2024-01-01,2024-11-29,2024-12-03 12:09:03
E00208,M00136,7D3A51,2025-12-18,,2026-03-28 10:38:42
E00209,M00137,2L8D37,2024-01-01,2024-08-14,2024-08-17 10:47:36
E00210,M00137,2L8D37,2025-03-25,2025-07-04,2025-07-05 15:54:50
E00211,M00137,2L8D37,2025-07-24,,2025-10-24 13:26:37
E00212,M00138,2R6A18,2024-01-01,,2024-01-16 10:17:19
E00213,M00139,7K4D09,2024-01-01,2024-09-03,2024-10-15 16:24:23
E00214,M00139,7K4D09,2025-04-28,2025-11-19,2025-11-23 15:27:52
E00215,M00139,7K4D09,2026-03-23,,2026-05-03 14:47:07
E00216,M00140,9H3A67,2024-01-01,2024-12-07,2024-12-02 10:21:25
E00217,M00140,9H6C31,2024-12-08,,2024-12-06 12:00:30
E00218,M00141,5P7C12,2024-01-01,2024-10-25,2024-10-01 14:48:21
E00219,M00141,5P2A46,2024-10-26,2026-06-30,2026-06-03 15:59:10
E00220,M00142,7D3A51,2024-01-01,2026-06-30,2026-06-01 17:55:31
E00221,M00143,2L8D37,2024-01-01,2024-04-15,2024-03-27 12:30:18
E00222,M00143,2L8D37,2024-05-08,,2024-04-30 17:12:00
E00223,M00144,8T3B27,2024-01-01,2024-07-28,2024-07-22 10:27:21
E00224,M00144,8T3B27,2024-08-26,2025-05-28,2025-06-20 10:35:56
E00225,M00144,8T3B27,2025-10-10,,2025-10-13 17:40:11
E00226,M00145,8T3B27,2024-01-01,2024-06-11,2024-06-13 12:38:01
E00227,M00145,8T3B27,2025-10-13,,2025-09-28 15:18:19
E00228,M00146,8T3B27,2024-01-01,2025-02-27,2025-02-22 14:32:01
E00229,M00146,8T3B27,2025-03-23,,2025-03-29 09:55:44
E00230,M00147,1X5B24,2024-01-01,2024-06-06,2024-06-05 11:11:44
E00231,M00147,1X5B24,2024-10-17,2026-06-30,2026-06-26 09:49:12
E00232,M00148,4M7A21,2024-01-01,,2023-12-22 09:02:35
E00233,M00149,4M7A21,2024-01-01,,2023-12-27 09:39:37
E00234,M00150,5Q9D36,2024-01-01,2025-10-31,2025-11-02 11:31:36
E00235,M00150,5P2A46,2025-11-01,2026-06-30,2025-10-12 13:28:23
E00236,M00151,4F9C63,2024-01-01,2025-02-25,2025-02-24 08:07:02
E00237,M00151,4F9C63,2025-03-09,2026-06-30,2026-06-23 17:29:49
E00238,M00152,4F9C63,2024-01-01,2026-06-30,2026-07-12 15:36:27
E00239,M00153,4F9C63,2024-01-01,2024-08-02,2024-07-04 10:37:53
E00240,M00153,4F9C63,2025-11-22,,2025-11-20 08:19:37
E00241,M00154,5Q9D36,2024-01-01,,2024-01-03 13:06:00
E00242,M00155,2R6A18,2024-01-01,,2023-12-17 08:47:42
E00243,M00156,4M7A21,2024-01-01,2024-09-24,2024-09-03 08:57:39
E00244,M00156,4M7A21,2024-10-19,2025-04-27,2025-04-02 11:31:39
E00245,M00156,4M7A21,2025-05-03,2026-06-30,2026-08-10 15:15:16
E00246,M00157,2R6A18,2024-01-01,2024-03-24,2024-03-17 14:28:23
E00247,M00157,2R6A18,2024-09-07,,2024-09-14 17:12:39
E00248,M00158,9G4B72,2024-01-01,,2024-02-14 10:45:14
E00249,M00159,1X5B24,2024-01-01,2024-04-14,2024-04-09 13:37:42
E00250,M00159,1X5B24,2026-03-16,2026-05-06,2026-05-07 12:19:43
E00251,M00160,5Q9D36,2024-01-01,2025-12-31,2026-01-06 18:30:29
E00252,M00160,5P2A46,2026-01-01,,2025-12-26 17:37:47
E00253,M00161,8T3B27,2024-01-01,2024-06-02,2024-07-07 17:47:00
E00254,M00161,8T3B27,2025-09-14,,2025-09-05 08:18:24
E00255,M00162,4M7A21,2024-01-01,2024-12-19,2024-12-14 10:54:57
E00256,M00162,4M7A21,2024-12-21,,2024-12-21 10:28:26
E00257,M00163,4N3B62,2024-01-01,2024-12-31,2025-02-02 14:31:00
E00258,M00163,4N3B62,2025-11-11,,2026-02-09 13:28:14
E00259,M00164,9H3A67,2024-01-01,2024-05-11,2024-05-16 08:10:59
E00260,M00164,9H6C31,2024-05-15,2026-06-30,2026-07-02 09:47:46
E00261,M00165,7L6A25,2024-01-01,2026-06-30,2026-06-30 09:19:54
E00262,M00166,2R6A18,2024-01-01,2024-07-16,2024-06-16 15:45:10
E00263,M00166,2R6A18,2026-02-24,2026-04-17,2026-04-22 16:29:05
E00264,M00166,2R6A18,2026-05-02,,2026-04-15 10:33:05
E00265,M00167,2L8D37,2024-01-01,,2023-12-31 08:35:46
E00266,M00168,5Q9D36,2024-01-01,2024-10-30,2024-11-04 09:37:32
E00267,M00168,5Q6B29,2024-10-31,,2024-10-12 11:19:24
E00268,M00169,9H3A67,2024-01-01,2024-05-25,2024-05-24 09:27:40
E00269,M00169,9H6C31,2024-06-10,2024-12-31,2025-01-05 12:13:14
E00270,M00169,9G2D54,2025-01-01,,2024-12-20 15:36:20
E00271,M00170,4F9C63,2024-01-01,2024-10-14,2024-10-17 14:02:02
E00272,M00170,4F9C63,2026-05-16,2026-06-30,2026-07-01 13:25:38
E00273,M00171,9H6C31,2024-01-01,,2024-01-05 13:04:14
E00274,M00172,2L8D37,2024-01-01,,2023-12-17 13:51:54
E00275,M00173,4M7A21,2024-01-01,,2023-12-22 09:08:29
E00276,M00174,7K4D09,2024-01-01,,2024-01-04 13:16:57
E00277,M00175,4M7A21,2024-01-01,,2023-12-16 13:28:07
E00278,M00176,4M7A21,2024-01-01,2024-11-09,2024-10-17 10:43:41
E00279,M00176,4M7A21,2024-11-24,2026-06-30,2026-06-24 10:32:44
E00280,M00177,7L6A25,2024-01-01,2024-09-08,2024-09-08 14:23:15
E00281,M00177,7L6A25,2024-09-11,,2024-10-16 15:55:20
E00282,M00178,9G2D54,2024-01-01,2025-03-25,2025-03-22 09:38:25
E00283,M00178,9G4B72,2025-03-26,,2025-03-17 08:36:48
E00284,M00179,4M7A21,2024-01-01,2024-07-28,2024-07-18 17:30:21
E00285,M00179,4M7A21,2026-04-01,2026-05-16,2026-05-12 16:19:57
E00286,M00180,8T3B27,2024-01-01,2024-03-14,2024-03-19 10:27:29
E00287,M00180,8T3B27,2025-01-21,2025-04-23,2025-04-23 12:49:02
E00288,M00180,8T3B27,2025-05-14,,2025-05-12 16:28:59
E00289,M00181,4M7A21,2024-01-01,,2023-12-11 14:04:10
E00290,M00182,9H3A67,2024-01-01,,2023-12-26 09:00:51
E00291,M00183,4M7A21,2024-01-01,,2024-01-22 15:56:27
E00292,M00184,7K4D09,2024-01-01,2026-06-30,2026-07-01 13:56:08
E00293,M00185,4M7A21,2024-01-01,,2024-01-05 12:11:20
E00294,M00186,4M7A21,2024-01-01,2025-03-02,2025-02-05 10:44:12
E00295,M00186,4M7A21,2025-03-05,,2025-02-14 17:38:42
E00296,M00187,7K2B34,2024-01-01,2024-03-30,2024-03-24 10:34:27
E00297,M00187,7K2B34,2026-02-16,2026-04-10,2026-04-15 11:40:31
E00298,M00187,7K2B34,2026-04-30,,2026-05-31 08:56:42
E00299,M00188,2R6A18,2024-01-01,2024-09-18,2024-09-13 17:36:21
E00300,M00188,2R6A18,2024-09-24,2025-02-06,2025-01-30 09:20:04
E00301,M00188,2R6A18,2025-02-09,,2025-02-02 10:29:43
E00302,M00189,6J8D23,2024-01-01,2025-05-31,2025-06-02 07:12:04
E00303,M00189,6K7A45,2025-06-01,,2025-05-26 16:47:50
E00304,M00190,8T3B27,2024-01-01,2024-04-24,2024-04-11 16:20:54
E00305,M00190,8T3B27,2024-04-30,,2024-04-17 13:27:42
E00306,M00191,7K2B34,2024-01-01,2024-05-27,2024-05-14 14:46:55
E00307,M00191,7K2B34,2024-06-13,2024-12-17,2024-12-13 09:37:45
E00308,M00192,8T5D52,2024-01-01,2026-06-30,2026-06-24 17:10:37
E00309,M00193,3V8D35,2024-01-01,2025-01-25,2025-01-30 10:57:09
E00310,M00193,3V4B58,2025-01-26,2026-06-30,2026-07-05 12:09:05
E00311,M00194,2R6A18,2024-01-01,2026-06-30,2026-06-01 12:28:21
E00312,M00195,7K2B34,2024-01-01,,2024-05-04 10:23:28
E00313,M00196,8T3B27,2024-01-01,,2024-01-02 08:07:34
E00314,M00197,8T3B27,2024-01-01,2024-02-20,2024-02-25 12:10:23
E00315,M00197,8T3B27,2024-02-28,2024-12-08,2024-12-07 08:42:23
E00316,M00197,8T3B27,2024-12-23,,2024-12-04 10:02:13
E00317,M00198,2R6A18,2024-01-01,,2024-01-30 15:19:51
E00318,M00199,8T3B27,2024-01-01,2024-03-14,2024-03-14 09:55:11
E00319,M00199,8T3B27,2024-04-03,,2024-03-23 09:41:48
E00320,M00200,2R6A18,2024-01-01,2024-04-16,2024-04-19 17:50:19
E00321,M00200,2R6A18,2024-05-15,,2024-04-25 09:36:43
E00322,M00201,4F9C63,2024-01-01,,2023-12-13 17:36:41
E00323,M00202,2S4D73,2024-01-01,2024-03-16,2024-03-12 13:18:24
E00324,M00202,2S4D73,2024-03-20,2024-11-19,2024-11-17 16:50:02
E00325,M00202,2S4D73,2024-12-09,2026-06-30,2026-07-02 09:06:08
E00326,M00203,7K2B34,2024-01-01,,2023-12-20 13:59:26
E00327,M00204,7K2B34,2024-01-01,2024-10-15,2024-10-09 13:45:43
E00328,M00204,7K2B34,2025-09-15,,2025-09-02 16:43:31
E00329,M00205,7K2B34,2024-01-01,2024-09-20,2024-09-24 11:09:15
E00330,M00205,7K2B34,2024-09-24,,2024-09-19 14:20:19
E00331,M00206,2R6A18,2024-01-01,2024-09-28,2024-09-30 10:38:03
E00332,M00206,2R6A18,2024-09-30,,2024-09-12 12:28:31
E00333,M00207,4M7A21,2024-01-01,,2023-12-14 08:56:18
E00334,M00208,8T5D52,2024-01-01,2025-02-28,2025-03-06 15:40:44
E00335,M00208,6J8D23,2025-03-01,2026-06-30,2025-02-13 15:36:50
E00336,M00209,8T3B27,2024-01-01,2024-11-06,2024-12-20 10:46:02
E00337,M00209,8T3B27,2024-11-22,,2024-11-04 09:52:13
E00338,M00210,4M7A21,2024-01-01,2024-02-21,2024-03-14 14:00:40
E00339,M00210,4M7A21,2024-07-09,,2024-06-28 08:17:13
E00340,M00211,7K2B34,2024-01-01,2024-04-06,2024-03-11 14:10:57
E00341,M00211,7K2B34,2024-04-10,,2024-03-27 10:38:55
E00342,M00212,8T3B27,2024-01-01,,2024-01-29 11:09:22
E00343,M00213,8T3B27,2024-01-01,,2024-01-14 12:55:22
E00344,M00214,8T3B27,2024-01-01,2025-01-11,2024-12-25 08:29:39
E00345,M00214,8T3B27,2025-02-04,,2025-02-09 08:35:10
E00346,M00215,3V4B58,2024-01-01,2025-03-31,2025-04-06 16:33:11
E00347,M00215,3W7A43,2025-04-01,,2025-03-21 18:37:16
E00348,M00216,4M7A21,2024-01-01,2024-08-21,2024-08-23 10:48:04
E00349,M00216,4M7A21,2024-09-11,,2024-09-14 12:49:48
E00350,M00217,4M7A21,2024-01-01,,2024-01-11 08:45:39
E00351,M00218,4M7A21,2024-01-01,,2024-01-03 13:23:44
E00352,M00219,4F9C63,2024-01-01,,2023-12-14 10:09:35
E00353,M00220,4M7A21,2024-01-01,2024-06-08,2024-06-11 15:33:14
E00354,M00220,4M7A21,2024-06-29,,2024-07-28 12:26:08
E00355,M00221,5Q6B29,2024-01-01,2024-07-19,2024-07-14 08:43:44
E00356,M00221,5Q9D36,2024-07-20,,2024-07-04 09:18:01
E00357,M00222,7K2B34,2024-01-01,2024-03-10,2024-03-31 16:48:26
E00358,M00222,7K2B34,2024-03-12,2025-04-04,2025-04-04 12:24:27
E00359,M00223,7K2B34,2024-01-01,,2023-12-12 08:50:22
E00360,M00224,8T5D52,2024-01-01,2025-05-31,2025-06-03 10:41:59
E00361,M00224,8U7C14,2025-06-01,,2025-05-26 17:24:37
E00362,M00225,8T3B27,2024-01-01,,2023-12-31 15:55:24
E00363,M00226,6J8D23,2024-01-01,2025-07-31,2025-08-04 08:54:06
E00364,M00226,6K7A45,2025-08-01,,2025-07-20 12:52:05
E00365,M00227,4M7A21,2024-01-01,2025-01-01,2024-12-25 13:03:56
E00366,M00227,4M7A21,2025-01-03,,2024-12-25 12:49:08
E00367,M00228,2R6A18,2024-01-01,2024-07-28,2024-08-10 09:48:24
E00368,M00228,2R6A18,2024-10-27,,2024-11-17 15:01:01
E00369,M00229,2R6A18,2024-01-01,,2023-12-28 09:25:27
E00370,M00230,7K2B34,2024-01-01,,2024-01-08 15:35:06
E00371,M00231,9G4B72,2024-01-01,2024-07-04,2024-06-30 14:49:59
E00372,M00231,9G2D54,2025-11-27,,2025-11-20 13:17:08
E00373,M00232,7K2B34,2024-01-01,2025-01-03,2024-12-28 10:14:40
E00374,M00233,8T3B27,2024-01-01,2024-08-13,2024-08-13 13:01:34
E00375,M00233,8T3B27,2024-09-08,,2024-09-14 09:53:08
E00376,M00234,7K2B34,2024-01-01,,2024-01-24 13:13:02
E00377,M00235,4M7A21,2024-01-01,,2024-01-03 15:03:57
E00378,M00236,8T3B27,2024-01-01,2024-08-02,2024-07-08 15:41:56
E00379,M00236,8T3B27,2024-08-31,,2024-08-13 15:01:46
E00380,M00237,7L6A25,2024-01-01,,2024-01-03 08:50:15
E00381,M00238,7K2B34,2024-01-01,2026-06-30,2026-07-05 15:42:44
E00382,M00239,2R9C41,2024-01-01,,2024-01-26 16:21:01
E00383,M00240,7K2B34,2024-01-01,2024-04-14,2024-04-12 09:44:10
E00384,M00240,7K2B34,2024-05-08,2024-12-24,2024-11-25 16:04:40
E00385,M00240,7K2B34,2025-01-23,,2025-01-07 13:17:26
E00386,M00241,2R6A18,2024-01-01,2024-05-22,2024-05-21 11:08:21
E00387,M00241,2R6A18,2024-05-30,,2024-05-09 12:20:35
E00388,M00242,4M7A21,2024-01-01,2024-04-26,2024-04-25 16:35:58
E00389,M00242,4M7A21,2025-12-08,2026-06-30,2026-06-27 09:11:11
E00390,M00243,3W7A43,2024-01-01,2024-07-12,2024-07-08 12:12:51
E00391,M00243,3W2C61,2024-07-13,,2024-08-07 10:35:32
E00392,M00244,6J8D23,2024-01-01,2024-10-05,2024-10-03 10:51:03
E00393,M00244,6J4B71,2024-10-06,,2024-11-13 11:08:39
E00394,M00245,3V8D35,2024-01-01,2024-09-25,2024-09-10 16:22:57
E00395,M00245,3V4B58,2024-09-26,2025-02-06,2025-02-08 12:52:22
E00396,M00245,3V8D35,2025-02-07,2026-06-30,2026-06-16 10:30:09
E00397,M00246,2R6A18,2024-01-01,,2023-12-22 09:21:26
E00398,M00247,2R6A18,2024-01-01,2025-02-20,2025-02-16 16:02:01
E00399,M00248,4M7A21,2024-01-01,,2024-01-02 17:40:30
E00400,M00249,6J4B71,2024-01-01,,2023-12-27 14:38:44
E00401,M00250,7K2B34,2024-01-01,,2024-01-01 10:34:09
E00402,M00251,7K2B34,2024-01-01,2026-06-30,2026-06-30 16:34:24
E00403,M00252,2R6A18,2024-01-01,2026-06-30,2026-06-29 11:51:46
E00404,M00253,2R6A18,2024-01-01,2024-09-23,2024-09-24 11:18:47
E00405,M00253,2R6A18,2024-09-29,2025-08-04,2025-08-06 16:35:17
E00406,M00253,2R6A18,2025-09-03,,2025-08-17 11:56:37
E00407,M00254,4M7A21,2024-01-01,2024-03-03,2024-03-07 12:48:47
E00408,M00254,4M7A21,2024-03-15,2025-03-17,2025-03-13 09:30:41
E00409,M00254,4M7A21,2025-03-29,,2025-04-21 13:11:36
E00410,M00255,8T5D52,2024-01-01,2024-05-23,2024-05-23 14:09:17
E00411,M00255,8T5D52,2024-06-05,,2024-05-31 17:33:02
E00412,M00256,8T3B27,2024-01-01,2024-05-26,2024-05-22 17:43:47
E00413,M00256,8T3B27,2024-09-02,,2024-08-19 17:18:11
E00414,M00257,7K4D09,2024-01-01,2024-11-01,2024-10-13 10:36:35
E00415,M00257,7K4D09,2024-11-13,,2024-12-28 13:18:49
E00416,M00258,4M7A21,2024-01-01,,2023-12-27 13:18:21
E00417,M00259,8T3B27,2024-01-01,2024-08-15,2024-07-24 13:52:30
E00418,M00259,8T5D52,2024-09-01,2025-05-19,2025-05-04 12:15:04
E00419,M00259,8T3B27,2025-05-20,,2025-05-14 10:14:17
E00420,M00260,5P2A46,2024-01-01,2024-06-24,2024-06-27 10:29:59
E00421,M00260,5P7C12,2024-06-25,2024-12-30,2024-12-27 12:41:52
E00422,M00260,5P2A46,2024-12-31,2025-06-30,2025-07-05 09:11:35
E00423,M00260,5Q9D36,2025-07-01,,2025-06-27 17:02:35
E00424,M00261,8T3B27,2024-01-01,2024-07-21,2024-07-06 16:04:50
E00425,M00261,8T3B27,2025-02-24,,2025-02-16 17:13:33
E00426,M00262,4M7A21,2024-01-01,2024-09-08,2024-08-11 12:48:44
E00427,M00262,4M7A21,2024-09-19,,2024-09-02 09:33:42
E00428,M00263,8T3B27,2024-01-01,,2024-01-15 08:01:41
E00429,M00264,8T3B27,2024-01-01,2024-02-21,2024-02-23 09:35:25
E00430,M00264,8T3B27,2025-10-04,2026-06-30,2026-06-27 14:11:19
E00431,M00265,9H6C31,2024-01-01,,2024-02-05 15:44:33
E00432,M00266,2R6A18,2024-01-01,2025-02-15,2025-01-21 13:53:14
E00433,M00266,2R6A18,2026-02-11,,2026-02-13 15:26:54
E00434,M00267,4M7A21,2024-01-01,2026-02-28,2026-03-04 11:23:48
E00435,M00267,5P2A46,2026-03-01,,2026-02-23 15:59:21
E00436,M00268,8T3B27,2024-01-01,,2024-02-15 09:13:06
E00437,M00269,4M7A21,2024-01-01,2024-12-24,2024-12-16 15:38:05
E00438,M00269,4M7A21,2025-01-17,,2025-01-07 15:08:26
E00439,M00270,2R6A18,2024-01-01,,2023-12-27 10:19:03
E00440,M00271,2R6A18,2024-01-01,2024-08-22,2024-08-17 14:53:09
E00441,M00271,2R6A18,2024-08-31,,2024-09-03 08:18:23
E00442,M00272,9G4B72,2024-01-01,2024-09-15,2024-09-19 16:54:44
E00443,M00272,9G2D54,2025-06-09,,2025-06-06 10:46:16
E00444,M00273,8T3B27,2024-01-01,2024-06-10,2024-06-08 17:48:46
E00445,M00273,8T3B27,2025-02-21,,2025-02-01 14:37:53
E00446,M00274,8T3B27,2024-01-01,2025-01-16,2025-01-12 12:48:08
E00447,M00275,7K2B34,2024-01-01,,2024-01-05 08:58:57
E00448,M00276,8T3B27,2024-01-01,,2023-12-24 12:27:50
E00449,M00277,7K2B34,2024-01-01,,2024-01-13 10:11:57
E00450,M00278,8T3B27,2024-01-01,2024-05-03,2024-05-03 16:45:43
E00451,M00278,8T3B27,2024-05-12,,2024-08-28 11:37:35
E00452,M00279,2R6A18,2024-01-01,2026-06-30,2026-07-01 14:22:58
E00453,M00280,7K2B34,2024-01-01,2025-02-28,2025-03-03 11:58:51
E00454,M00280,7K4D09,2025-03-01,,2025-03-10 15:07:21
E00455,M00281,4N3B62,2024-01-01,2026-06-30,2026-07-01 10:05:06
E00456,M00282,3W7A43,2024-01-01,2024-09-18,2024-09-16 11:49:41
E00457,M00282,3W2C61,2024-09-19,2025-03-19,2025-02-23 09:55:59
E00458,M00282,3W7A43,2025-03-20,,2025-03-21 16:24:02
E00459,M00283,3V8D35,2024-01-01,,2023-12-21 16:59:11
E00460,M00284,4N3B62,2024-01-01,2026-06-30,2026-08-05 12:09:30
E00461,M00285,8T3B27,2024-01-01,,2024-01-05 15:34:33
E00462,M00286,2R6A18,2024-01-01,2024-07-02,2024-06-25 16:38:31
E00463,M00286,2R6A18,2024-07-24,2026-06-30,2026-07-01 10:01:17
E00464,M00287,7K2B34,2024-01-01,2024-10-10,2024-09-15 15:23:36
E00465,M00287,7K2B34,2024-12-20,,2024-12-06 13:01:36
E00466,M00288,7K2B34,2024-01-01,2024-08-27,2024-08-23 13:09:07
E00467,M00288,7K2B34,2024-09-02,,2024-09-05 10:55:56
E00468,M00289,4N3B62,2024-01-01,2024-04-14,2024-04-02 08:56:20
E00469,M00289,4N3B62,2024-05-04,2024-10-30,2024-10-31 15:32:28
E00470,M00289,4N3B62,2024-11-14,,2024-12-16 11:24:12
E00471,M00290,2R6A18,2024-01-01,2024-08-11,2024-08-20 08:58:26
E00472,M00290,2R6A18,2024-08-13,2025-06-30,2025-06-23 12:15:34
E00473,M00290,2R6A18,2025-07-27,,2025-08-04 10:45:26
E00474,M00291,8T3B27,2024-01-01,2024-11-30,2024-12-01 09:04:45
E00475,M00291,8T3B27,2024-12-12,2026-06-30,2026-06-25 10:18:07
E00476,M00292,8T3B27,2024-01-01,,2023-12-12 13:53:46
E00477,M00293,9H6C31,2024-01-01,2025-02-16,2025-02-18 16:22:17
E00478,M00293,9H3A67,2025-02-17,2025-05-31,2025-06-05 15:28:59
E00479,M00293,4F9C63,2025-06-01,,2025-05-29 07:26:04
E00480,M00294,4M8C16,2024-01-01,2024-07-10,2024-07-09 09:58:26
E00481,M00294,4M8C16,2024-07-30,2025-02-05,2025-02-05 11:45:21
E00482,M00295,7K2B34,2024-01-01,,2024-01-06 15:59:16
E00483,M00296,1X5B24,2024-01-01,,2023-12-31 17:14:16
E00484,M00297,4M8C16,2024-01-01,2025-01-15,2025-01-10 16:59:07
E00485,M00297,4M8C16,2025-06-10,,2025-06-22 10:59:40
E00486,M00298,7K2B34,2024-01-01,,2024-01-03 16:07:14
E00487,M00299,7K2B34,2024-01-01,,2024-01-06 12:04:35
E00488,M00300,7D3A51,2024-01-01,,2024-04-22 09:30:19
E00489,M00301,2L8D37,2024-01-01,,2023-12-28 10:32:04
E00490,M00302,9H6C31,2024-01-01,2024-09-02,2024-08-30 14:01:12
E00491,M00302,9H3A67,2024-09-03,2025-05-27,2025-05-22 11:09:11
E00492,M00302,9H6C31,2025-05-28,2025-09-30,2025-10-04 18:12:37
E00493,M00302,9G4B72,2025-10-01,,2025-09-13 17:28:25
E00494,M00303,4M7A21,2024-01-01,2024-05-14,2024-04-28 10:57:04
E00495,M00303,4M7A21,2024-08-27,,2024-09-03 09:45:22
E00496,M00304,7K2B34,2024-01-01,2026-06-30,2026-06-23 11:19:26
E00497,M00305,7D3A51,2024-01-01,,2024-05-22 10:20:41
E00498,M00306,9H3A67,2024-01-01,,2023-12-31 17:06:46
E00499,M00307,8T3B27,2024-01-01,,2024-05-31 09:46:37
E00500,M00308,4F9C63,2024-01-01,2026-06-30,2026-06-29 08:20:55
E00501,M00309,7K2B34,2024-01-01,,2024-01-02 14:12:05
E00502,M00310,7D3A51,2024-01-01,,2024-01-05 15:11:29
E00503,M00311,2R6A18,2024-01-01,2024-06-04,2024-06-04 13:42:35
E00504,M00311,2R6A18,2024-06-20,,2024-06-05 16:05:39
E00505,M00312,1X5B24,2024-01-01,2024-03-28,2024-03-30 13:46:14
E00506,M00312,1X5B24,2024-04-12,2024-08-21,2024-08-07 17:09:18
E00507,M00312,1X5B24,2025-08-12,2026-06-30,2026-06-26 14:24:51
E00508,M00313,4M7A21,2024-01-01,2024-02-17,2024-02-15 08:47:49
E00509,M00313,4M7A21,2024-06-25,,2024-06-08 12:34:02
E00510,M00314,9G4B72,2024-01-01,2026-06-30,2026-06-27 09:46:20
E00511,M00315,1X5B24,2024-01-01,2025-03-31,2025-04-19 08:23:18
E00512,M00315,1X5B24,2026-05-04,,2026-05-08 13:54:43
E00513,M00316,2R6A18,2024-01-01,2024-08-22,2024-08-26 08:24:36
E00514,M00316,2R6A18,2024-08-27,,2024-11-14 12:28:00
E00515,M00317,4M7A21,2024-01-01,,2024-01-13 17:53:05
E00516,M00318,7K4D09,2024-01-01,2024-07-31,2024-08-04 17:30:28
E00517,M00318,7L6A25,2024-08-01,2024-11-10,2024-07-22 11:25:42
E00518,M00319,7K2B34,2024-01-01,,2024-02-10 14:11:02
E00519,M00320,5P2A46,2024-01-01,2025-11-30,2025-12-02 10:03:54
E00520,M00320,5Q6B29,2025-12-01,,2025-11-20 11:08:20
E00521,M00321,7K2B34,2024-01-01,,2023-12-27 09:04:57
E00522,M00322,4M7A21,2024-01-01,,2023-12-13 14:13:05
E00523,M00323,5P2A46,2024-01-01,2024-11-21,2024-11-04 09:17:30
E00524,M00323,5P7C12,2024-11-27,,2024-11-25 08:10:26
E00525,M00324,7K2B34,2024-01-01,,2024-01-20 08:34:26
E00526,M00325,8T3B27,2024-01-01,2024-09-12,2024-09-06 15:49:52
E00527,M00325,8T3B27,2024-09-24,2025-07-13,2025-06-24 08:53:18
E00528,M00325,8T3B27,2025-07-17,,2025-07-11 11:15:33
E00529,M00326,2R6A18,2024-01-01,2026-06-30,2026-05-31 09:27:03
E00530,M00327,8T3B27,2024-01-01,,2023-12-11 08:28:41
E00531,M00328,7K2B34,2024-01-01,,2024-01-13 14:05:12
E00532,M00329,4M8C16,2024-01-01,2024-07-10,2024-07-04 15:22:05
E00533,M00329,4M8C16,2024-07-25,,2024-07-19 14:00:50
E00534,M00330,9H3A67,2024-01-01,,2023-12-30 15:32:18
E00535,M00331,4M7A21,2024-01-01,2024-12-10,2024-12-09 12:35:31
E00536,M00331,4M7A21,2024-12-23,2026-06-30,2026-06-27 10:45:28
E00537,M00332,5Q6B29,2024-01-01,2024-07-20,2024-07-18 09:18:37
E00538,M00332,5Q9D36,2024-07-21,,2024-07-24 10:03:47
E00539,M00333,4M7A21,2024-01-01,2026-06-30,2026-06-25 13:27:23
E00540,M00334,4M7A21,2024-01-01,2025-09-30,2025-10-04 15:15:46
E00541,M00334,5P2A46,2025-10-01,,2025-09-12 11:13:17
E00542,M00335,8T3B27,2024-01-01,2024-06-21,2024-06-20 15:54:32
E00543,M00335,8T3B27,2024-06-28,2024-08-31,2024-08-27 16:19:59
E00544,M00335,8T3B27,2025-11-26,,2025-11-27 13:19:56
E00545,M00336,2S4D73,2024-01-01,,2024-01-03 14:34:23
E00546,M00337,8T5D52,2024-01-01,2024-07-31,2024-08-01 16:23:50
E00547,M00337,6J8D23,2024-08-01,,2024-07-27 12:04:16
E00548,M00338,8T3B27,2024-01-01,,2024-03-08 16:16:20
E00549,M00339,7K2B34,2024-01-01,,2023-12-19 09:07:52
E00550,M00340,8T3B27,2024-01-01,2024-05-10,2024-05-09 08:49:33
E00551,M00340,8T3B27,2024-05-18,2025-03-31,2025-03-31 11:58:12
E00552,M00340,8T3B27,2025-07-28,,2025-07-12 15:23:27
E00553,M00341,2R6A18,2024-01-01,,2023-12-28 14:49:38
E00554,M00342,4M7A21,2024-01-01,,2024-01-29 16:35:01
E00555,M00343,8T5D52,2024-01-01,2024-05-16,2024-06-24 16:29:58
E00556,M00343,8T5D52,2024-06-05,2025-06-02,2025-06-07 11:52:50
E00557,M00343,8T5D52,2025-06-06,2026-06-30,2026-06-23 12:37:02
E00558,M00344,5P7C12,2024-01-01,,2023-12-27 15:19:05
E00559,M00345,4F9C63,2024-01-01,,2024-02-01 11:14:55
E00560,M00346,2L8D37,2024-01-01,2024-08-29,2024-08-26 17:29:54
E00561,M00346,2L8D37,2025-04-21,,2025-04-16 09:55:01
E00562,M00347,2L8D37,2024-01-01,,2024-01-12 12:56:19
E00563,M00348,8T3B27,2024-01-01,2024-07-06,2024-07-01 10:11:34
E00564,M00348,8T3B27,2025-05-23,2026-06-30,2026-06-29 15:28:06
E00565,M00349,2R6A18,2024-01-01,,2024-02-16 10:39:11
E00566,M00350,2S4D73,2024-01-01,,2024-03-11 11:13:22
E00567,M00351,3V8D35,2024-01-01,2024-10-25,2024-10-26 10:10:47
E00568,M00351,3V4B58,2024-10-26,,2024-10-09 10:16:30
E00569,M00352,4M7A21,2024-01-01,,2024-01-10 08:33:11
E00570,M00353,2R6A18,2024-01-01,2024-05-17,2024-05-20 11:58:47
E00571,M00353,2R6A18,2025-01-02,,2024-12-14 17:20:18
E00572,M00354,6K5C18,2024-01-01,2024-10-19,2024-10-15 12:16:26
E00573,M00354,6K7A45,2024-11-18,,2024-12-12 14:24:56
E00574,M00355,8T3B27,2024-01-01,2024-07-05,2024-07-01 16:26:29
E00575,M00355,8T3B27,2024-07-23,,2024-07-10 10:05:34
E00576,M00356,8T3B27,2024-01-01,,2024-02-11 13:37:08
E00577,M00357,3V8D35,2024-01-01,2024-06-10,2024-06-08 09:21:36
E00578,M00357,3V4B58,2024-08-20,2025-12-31,2026-01-05 09:17:51
E00579,M00357,3W7A43,2026-01-01,2026-06-30,2025-12-29 15:13:10
E00580,M00358,7K2B34,2024-01-01,2024-12-11,2024-12-16 12:35:53
E00581,M00358,7K2B34,2025-12-14,,2025-12-13 16:54:00
E00582,M00359,4M7A21,2024-01-01,2024-07-16,2024-07-15 13:07:08
E00583,M00359,4M7A21,2024-08-12,,2024-07-30 16:12:58
E00584,M00360,7K4D09,2024-01-01,,2023-12-20 14:24:38
E00585,M00361,4F9C63,2024-01-01,2024-09-28,2024-10-03 11:47:24
E00586,M00361,4F9C63,2024-10-18,,2024-11-07 10:31:57
E00587,M00362,6J8D23,2024-01-01,2026-06-30,2026-06-23 14:41:01
E00588,M00363,5P7C12,2024-01-01,,2023-12-27 12:45:40
E00589,M00364,5P2A46,2024-01-01,,2023-12-13 13:06:01
E00590,M00365,7K2B34,2024-01-01,2026-06-30,2026-06-20 15:37:04
E00591,M00366,7K2B34,2024-01-01,,2024-02-12 14:56:37
E00592,M00367,4M7A21,2024-01-01,2024-04-03,2024-03-08 15:24:26
E00593,M00367,4M7A21,2026-03-11,2026-05-04,2026-05-05 15:58:29
E00594,M00367,4M7A21,2026-05-10,,2026-04-30 10:03:28
E00595,M00368,2L8D37,2024-01-01,2024-04-17,2024-04-11 17:32:13
E00596,M00368,2L8D37,2024-04-23,,2024-08-03 09:49:11
E00597,M00369,7K2B34,2024-01-01,,2024-02-13 10:50:54
E00598,M00370,7D3A51,2024-01-01,2024-12-16,2024-12-07 15:29:03
E00599,M00371,8T3B27,2024-01-01,,2024-06-16 17:35:29
E00600,M00372,4M7A21,2024-01-01,,2024-01-20 13:40:28
E00601,M00373,7K2B34,2024-01-01,,2023-12-21 13:59:35
E00602,M00374,8T3B27,2024-01-01,,2024-01-14 14:34:41
E00603,M00375,9H6C31,2024-01-01,,2024-01-16 13:56:42
E00604,M00376,4M7A21,2024-01-01,,2023-12-26 09:48:25
E00605,M00377,8T3B27,2024-01-01,,2023-12-26 10:47:18
E00606,M00378,4M7A21,2024-01-01,,2023-12-31 09:45:12
E00607,M00379,1X5B24,2024-01-01,,2024-03-09 10:18:22
E00608,M00380,8T3B27,2024-01-01,,2024-01-26 17:37:56
E00609,M00381,5P7C12,2024-01-01,2026-06-30,2026-07-01 10:12:26
E00610,M00382,7K2B34,2024-01-01,2024-11-29,2024-12-28 10:12:08
E00611,M00382,7K2B34,2024-12-01,,2024-12-03 13:19:24
E00612,M00383,7K4D09,2024-01-01,2024-02-29,2024-03-02 15:38:31
E00613,M00383,9H6C31,2024-03-01,,2024-02-24 14:27:59
E00614,M00384,7L6A25,2024-01-01,2024-06-09,2024-06-11 16:41:07
E00615,M00384,7L6A25,2024-06-29,2024-10-31,2024-11-05 07:27:21
E00616,M00384,7K4D09,2024-11-01,,2024-10-27 15:37:36
E00617,M00385,7K2B34,2024-01-01,,2023-12-29 09:52:57
E00618,M00386,2L8D37,2024-01-01,,2023-12-29 09:05:30
E00619,M00387,2R6A18,2024-01-01,2024-07-28,2024-07-28 15:31:43
E00620,M00387,2R6A18,2025-05-23,,2025-05-14 12:54:57
E00621,M00388,3W7A43,2024-01-01,,2023-12-16 12:05:53
E00622,M00389,2R6A18,2024-01-01,2026-06-30,2026-06-29 15:15:20
E00623,M00390,7K2B34,2024-01-01,,2023-12-12 11:14:22
E00624,M00391,8T3B27,2024-01-01,,2023-12-13 16:05:04
E00625,M00392,2R6A18,2024-01-01,2025-04-30,2025-05-03 07:52:54
E00626,M00392,3V4B58,2025-05-01,,2025-04-28 09:35:25
E00627,M00393,8T3B27,2024-01-01,2025-01-27,2025-01-26 09:47:32
E00628,M00393,8T3B27,2025-02-14,,2025-02-11 08:33:05
E00629,M00394,5Q6B29,2024-01-01,2024-02-18,2024-02-14 17:17:29
E00630,M00394,5Q9D36,2024-02-19,,2024-02-21 11:34:03
E00631,M00395,1X5B24,2024-01-01,2024-08-12,2024-08-10 08:16:44
E00632,M00395,1X5B24,2024-09-01,2026-06-30,2026-06-27 09:42:57
E00633,M00396,7K2B34,2024-01-01,,2024-01-04 17:08:04
E00634,M00397,4F9C63,2024-01-01,,2023-12-23 11:33:07
E00635,M00398,4M7A21,2024-01-01,2024-02-24,2024-02-25 09:49:54
E00636,M00398,4M7A21,2024-11-20,,2024-11-25 14:10:35
E00637,M00399,7K2B34,2024-01-01,2024-08-30,2024-08-03 13:12:06
E00638,M00399,7K2B34,2024-09-18,,2024-09-09 16:25:41
E00639,M00400,3W2C61,2024-01-01,2024-04-26,2024-04-25 10:56:40
E00640,M00400,3W7A43,2025-10-21,,2026-02-12 08:52:24
E00641,M00401,7K2B34,2024-01-01,,2024-01-05 13:36:36
E00642,M00402,2R6A18,2024-01-01,2025-02-28,2025-03-01 15:17:52
E00643,M00402,3V4B58,2025-03-01,,2025-02-14 14:51:33
E00644,M00403,8T5D52,2024-01-01,,2024-01-04 13:52:28
E00645,M00404,7D3A51,2024-01-01,,2024-01-02 14:35:58
E00646,M00405,4M7A21,2024-01-01,,2024-05-22 14:47:33
E00647,M00406,3W2C61,2024-01-01,2024-09-23,2024-09-28 13:17:39
E00648,M00406,3W7A43,2024-09-24,2025-07-26,2025-07-24 10:41:27
E00649,M00406,3W2C61,2025-07-27,2026-02-28,2026-03-03 13:16:56
E00650,M00406,3V4B58,2026-03-01,,2026-02-22 07:07:02
E00651,M00407,7K2B34,2024-01-01,,2024-02-02 13:06:31
E00652,M00408,3V8D35,2024-01-01,,2023-12-20 09:47:03
E00653,M00409,6J8D23,2024-01-01,2024-06-14,2024-06-15 13:51:25
E00654,M00409,6J4B71,2024-06-15,2025-01-31,2025-02-04 10:27:44
E00655,M00409,2L8D37,2025-02-01,2026-06-30,2025-01-12 08:34:02
E00656,M00410,7K2B34,2024-01-01,2024-08-07,2024-08-05 15:58:04
E00657,M00410,7K2B34,2025-11-25,,2025-11-20 13:24:09
E00658,M00411,4M7A21,2024-01-01,,2024-01-06 15:51:04
E00659,M00412,6J8D23,2024-01-01,2024-05-14,2024-05-19 15:20:02
E00660,M00412,6J4B71,2024-05-15,2025-04-30,2025-05-01 13:02:18
E00661,M00412,2L8D37,2025-05-01,,2025-04-25 12:20:19
E00662,M00413,2R6A18,2024-01-01,2024-06-30,2024-06-28 17:56:16
E00663,M00413,2R6A18,2024-07-23,2025-06-21,2025-06-25 15:44:41
E00664,M00413,2R6A18,2025-07-07,2026-06-30,2026-06-30 15:01:34
E00665,M00414,4M7A21,2024-01-01,,2023-12-29 11:12:14
E00666,M00415,8U7C14,2024-01-01,2024-12-04,2024-11-27 12:46:49
E00667,M00415,8U7C14,2026-03-19,,2026-03-09 12:42:01
E00668,M00416,5P2A46,2024-01-01,,2023-12-19 15:51:33
E00669,M00417,9G2D54,2024-01-01,2026-06-30,2026-06-15 11:47:30
E00670,M00418,2R6A18,2024-01-01,,2023-12-23 16:07:53
E00671,M00419,5Q6B29,2024-01-01,2024-06-11,2024-07-22 17:19:50
E00672,M00419,5Q9D36,2024-06-12,,2024-06-14 10:39:19
E00673,M00420,2R6A18,2024-01-01,2024-06-04,2024-06-01 17:40:37
E00674,M00420,2R6A18,2024-06-27,,2024-06-18 11:30:56
E00675,M00421,7K2B34,2024-01-01,,2023-12-26 14:44:56
E00676,M00422,4M7A21,2024-01-01,,2023-12-20 17:17:25
E00677,M00423,2R6A18,2024-01-01,2024-12-06,2024-12-09 12:09:42
E00678,M00423,2R6A18,2024-12-13,,2024-12-01 16:41:21
E00679,M00424,4F9C63,2024-01-01,2024-03-26,2024-03-31 16:13:04
E00680,M00424,4F9C63,2024-04-25,2026-06-30,2026-06-27 12:45:01
E00681,M00425,4F9C63,2024-01-01,2024-07-13,2024-07-15 12:18:32
E00682,M00425,4F9C63,2024-08-08,,2024-08-13 14:45:16
E00683,M00426,4F9C63,2024-01-01,,2023-12-19 16:19:14
E00684,M00427,7D3A51,2024-01-01,,2024-01-17 10:04:15
E00685,M00428,8U7C14,2024-01-01,2024-10-22,2024-10-16 08:27:37
E00686,M00428,8U7C14,2024-10-26,,2025-02-16 12:36:43
E00687,M00429,7K2B34,2024-01-01,,2024-01-03 09:48:04
E00688,M00430,6J8D23,2024-01-01,2024-09-18,2024-09-22 09:44:01
E00689,M00430,6J4B71,2024-09-19,2025-04-27,2025-04-27 17:58:02
E00690,M00430,6J8D23,2025-04-28,,2025-04-22 10:58:20
E00691,M00431,4M7A21,2024-01-01,2024-08-02,2024-08-03 14:17:23
E00692,M00431,4M7A21,2025-11-16,,2025-11-21 17:41:10
E00693,M00432,2R6A18,2024-01-01,,2023-12-31 13:07:51
E00694,M00433,7K2B34,2024-01-01,,2024-01-05 10:29:17
E00695,M00434,8T3B27,2024-01-01,2024-12-19,2024-12-15 15:57:28
E00696,M00434,8T3B27,2024-12-23,,2024-12-03 14:23:20
E00697,M00435,2R6A18,2024-01-01,,2023-12-24 11:59:32
E00698,M00436,7L6A25,2024-01-01,2024-04-29,2024-04-26 16:21:48
E00699,M00436,7L6A25,2024-05-06,2024-10-23,2024-11-03 14:03:30
E00700,M00436,7L6A25,2024-11-04,,2025-03-06 10:11:10
E00701,M00437,8T5D52,2024-01-01,2026-06-30,2026-07-04 16:53:43
E00702,M00438,4M7A21,2024-01-01,2024-04-01,2024-03-28 08:57:29
E00703,M00438,4M7A21,2024-04-17,,2024-04-17 11:11:48
E00704,M00439,4N3B62,2024-01-01,2024-04-12,2024-04-06 09:29:11
E00705,M00439,4N3B62,2024-10-05,,2024-10-23 08:09:40
E00706,M00440,9H3A67,2024-01-01,2024-05-12,2024-05-01 13:05:28
E00707,M00440,9H6C31,2024-05-13,,2024-04-24 10:39:26
E00708,M00441,8T3B27,2024-01-01,2024-12-27,2024-12-09 14:13:47
E00709,M00441,8T3B27,2025-01-17,,2025-01-11 10:14:38
E00710,M00442,2L8D37,2024-01-01,2025-03-03,2025-02-02 15:41:19
E00711,M00442,2L8D37,2025-07-24,2026-06-30,2026-07-04 08:18:05
E00712,M00443,4M7A21,2024-01-01,2024-03-07,2024-03-10 10:25:22
E00713,M00443,4M7A21,2024-03-23,,2024-03-08 08:22:36
E00714,M00444,5P2A46,2024-01-01,,2024-01-31 15:41:59
E00715,M00445,8T3B27,2024-01-01,,2023-12-12 14:25:34
E00716,M00446,4M7A21,2024-01-01,,2024-01-01 14:22:46
E00717,M00447,4M8C16,2024-01-01,2024-08-26,2024-08-21 09:23:13
E00718,M00447,4M8C16,2024-09-25,2025-06-30,2025-07-03 08:52:12
E00719,M00447,4N3B62,2025-07-01,,2025-06-18 16:12:01
E00720,M00448,4M8C16,2024-01-01,2026-06-30,2026-06-23 13:38:18
E00721,M00449,2L8D37,2024-01-01,2024-12-01,2024-11-01 08:09:31
E00722,M00449,2L8D37,2025-01-14,,2025-01-01 10:48:00
E00723,M00450,8T3B27,2024-01-01,2025-03-10,2025-03-08 11:31:05
E00724,M00450,8T3B27,2025-03-24,2026-06-30,2026-06-03 13:57:35
E00725,M00451,4M7A21,2024-01-01,2024-07-17,2024-07-14 13:04:49
E00726,M00451,4M7A21,2024-08-08,2026-06-30,2026-06-28 16:37:00
E00727,M00452,8T5D52,2024-01-01,2025-03-10,2025-03-04 16:41:44
E00728,M00452,6J4B71,2025-03-11,2026-06-30,2026-06-23 15:58:44
E00729,M00453,2R6A18,2024-01-01,,2024-02-12 14:07:35
E00730,M00454,4F9C63,2024-01-01,,2024-03-20 17:31:14
E00731,M00455,8T3B27,2024-01-01,2024-07-04,2024-06-08 11:31:32
E00732,M00455,8T3B27,2024-07-19,2024-12-29,2024-12-01 09:49:59
E00733,M00455,8T3B27,2025-10-19,,2025-10-14 16:47:50
E00734,M00456,3V8D35,2024-01-01,2026-06-30,2026-07-03 08:06:44
E00735,M00457,9H3A67,2024-01-01,2025-08-31,2025-09-06 07:32:15
E00736,M00457,4F9C63,2025-09-01,,2025-08-14 16:45:21
E00737,M00458,2R6A18,2024-01-01,2024-08-11,2024-08-15 17:18:16
E00738,M00458,2R6A18,2024-09-10,2024-11-24,2024-11-16 12:33:53
E00739,M00458,2R6A18,2025-10-11,2026-06-30,2026-06-29 17:36:57
E00740,M00459,4M7A21,2024-01-01,2024-06-23,2024-06-10 17:36:05
E00741,M00459,4M7A21,2024-07-20,,2024-07-07 17:07:19
E00742,M00460,2S4D73,2024-01-01,,2024-01-08 12:03:03
E00743,M00461,2R6A18,2024-01-01,2024-07-26,2024-07-18 14:58:36
E00744,M00461,2R6A18,2024-08-13,,2024-07-26 17:11:05
E00745,M00462,3V8D35,2024-01-01,,2024-05-18 16:07:05
E00746,M00463,2R6A18,2024-01-01,2024-06-01,2024-05-13 09:11:19
E00747,M00463,2R6A18,2024-06-06,,2024-05-16 11:13:55
E00748,M00464,2R6A18,2024-01-01,2026-06-30,2026-06-24 16:55:38
E00749,M00465,8T5D52,2024-01-01,2025-02-14,2025-01-21 14:41:51
E00750,M00465,8T5D52,2025-03-13,,2025-03-14 10:58:46
E00751,M00466,4M7A21,2024-01-01,,2023-12-12 08:20:41
E00752,M00467,5P2A46,2024-01-01,2024-07-31,2024-08-05 15:16:24
E00753,M00467,5Q6B29,2024-08-01,,2024-07-14 10:17:01
E00754,M00468,8T3B27,2024-01-01,2024-03-22,2024-04-25 17:51:55
E00755,M00468,8T3B27,2024-04-13,,2024-04-13 08:50:21
E00756,M00469,9H3A67,2024-01-01,,2024-01-28 11:42:53
E00757,M00470,7K2B34,2024-01-01,2024-06-02,2024-06-05 11:41:23
E00758,M00470,7K2B34,2024-06-23,2024-09-30,2024-10-05 10:54:07
E00759,M00470,9H6C31,2024-10-01,,2024-09-11 14:14:50
E00760,M00471,7K2B34,2024-01-01,,2023-12-22 15:10:02
E00761,M00472,7K2B34,2024-01-01,2024-06-02,2024-06-06 15:56:19
E00762,M00472,7K2B34,2024-06-13,,2024-06-16 16:33:34
E00763,M00473,5P2A46,2024-01-01,,2024-01-29 10:40:32
E00764,M00474,4M7A21,2024-01-01,,2024-01-10 11:06:43
E00765,M00475,1X5B24,2024-01-01,2024-12-14,2024-12-09 11:21:34
E00766,M00475,1X5B24,2025-01-02,,2025-02-01 12:23:09
E00767,M00476,7L6A25,2024-01-01,2024-12-02,2024-12-06 11:02:40
E00768,M00476,7L6A25,2024-12-22,,2025-01-29 10:19:12
E00769,M00477,8T3B27,2024-01-01,2024-05-23,2024-05-09 11:24:19
E00770,M00477,8T3B27,2024-07-03,2025-04-13,2025-04-11 08:55:50
E00771,M00477,8T3B27,2025-04-22,,2025-04-09 09:15:04
E00772,M00478,2R6A18,2024-01-01,2025-03-07,2025-03-10 17:02:11
E00773,M00478,2R6A18,2025-06-21,,2025-06-19 14:35:01
E00774,M00479,9G4B72,2024-01-01,,2023-12-11 08:19:13
E00775,M00480,2R6A18,2024-01-01,,2024-01-04 08:36:55
E00776,M00481,2R6A18,2024-01-01,2024-05-16,2024-05-30 09:52:27
E00777,M00481,2R6A18,2024-06-03,,2024-06-27 17:46:50
E00778,M00482,8T3B27,2024-01-01,,2024-01-06 12:15:10
E00779,M00483,9H6C31,2024-01-01,,2024-01-28 11:11:54
E00780,M00484,7K4D09,2024-01-01,2024-03-08,2024-03-02 12:36:34
E00781,M00484,7K4D09,2025-09-09,2025-12-01,2025-12-06 17:35:50
E00782,M00485,7K2B34,2024-01-01,2024-10-29,2024-10-28 10:15:48
E00783,M00485,7K2B34,2024-11-04,,2024-11-05 15:25:14
E00784,M00486,2R6A18,2024-01-01,,2024-01-09 11:17:00
E00785,M00487,5P2A46,2024-01-01,,2023-12-27 15:32:20
E00786,M00488,7D3A51,2024-01-01,,2023-12-16 16:41:25
E00787,M00489,4M7A21,2024-01-01,2024-10-18,2024-09-30 16:09:19
E00788,M00489,4M7A21,2026-06-30,,2026-06-24 14:52:30
E00789,M00490,2R6A18,2024-01-01,,2024-02-10 10:38:30
E00790,M00491,7K4D09,2024-01-01,,2023-12-25 12:25:21
E00791,M00492,4F9C63,2024-01-01,,2023-12-23 17:32:18
E00792,M00493,2S4D73,2024-01-01,2024-07-31,2024-08-05 15:24:09
E00793,M00493,2R9C41,2024-08-01,,2024-07-20 09:03:46
E00794,M00494,2R9C41,2024-01-01,2024-10-02,2024-09-23 09:44:50
E00795,M00494,2R6A18,2024-10-03,,2024-10-15 17:24:50
E00796,M00495,4M7A21,2024-01-01,2024-06-20,2024-06-17 10:32:37
E00797,M00495,4M7A21,2025-04-25,,2025-04-14 11:47:38
E00798,M00496,7K2B34,2024-01-01,,2024-01-06 17:34:34
E00799,M00497,5Q6B29,2024-01-01,,2023-12-25 13:17:10
E00800,M00498,1X5B24,2024-01-01,,2023-12-19 14:09:53
E00801,M00499,2R6A18,2024-01-01,,2023-12-13 09:21:24
E00802,M00500,8T5D52,2024-01-01,2024-10-11,2024-10-13 14:09:38
E00803,M00500,8T5D52,2024-10-29,2026-06-30,2026-06-25 17:29:54
E00804,M00501,7D3A51,2024-01-01,2024-03-01,2024-02-27 14:27:59
E00805,M00501,7D3A51,2024-03-25,2024-08-17,2024-08-13 08:23:23
E00806,M00501,7D3A51,2024-09-05,,2024-09-18 13:07:52
E00807,M00502,4M7A21,2024-01-01,2024-09-28,2024-09-24 10:42:24
E00808,M00502,4M7A21,2025-03-05,2025-06-27,2025-06-26 13:09:01
E00809,M00502,4M7A21,2025-07-13,,2025-08-03 08:17:27
E00810,M00503,5P2A46,2024-01-01,2026-06-30,2026-06-06 12:23:52
E00811,M00504,8T3B27,2024-01-01,2025-03-26,2025-03-30 08:24:58
E00812,M00504,8T3B27,2025-04-19,,2025-05-28 15:31:15
E00813,M00505,9H6C31,2024-01-01,2025-02-12,2025-03-18 12:06:39
E00814,M00505,9H3A67,2025-02-13,2025-07-31,2025-08-04 08:00:51
E00815,M00505,4F9C63,2025-08-01,,2025-07-18 14:56:27
E00816,M00506,1X5B24,2024-01-01,,2024-01-20 12:32:37
E00817,M00507,7K2B34,2024-01-01,2024-09-24,2024-09-16 08:53:11
E00818,M00507,7K2B34,2024-10-20,2025-02-15,2025-02-19 09:19:27
E00819,M00507,7K2B34,2025-02-22,,2025-02-13 15:10:11
E00820,M00508,4M7A21,2024-01-01,2026-06-30,2026-07-02 12:35:56
E00821,M00509,6K5C18,2024-01-01,,2023-12-24 12:22:00
E00822,M00510,2R6A18,2024-01-01,2024-10-24,2024-10-20 13:11:40
E00823,M00510,2R6A18,2024-10-27,2025-05-29,2025-05-26 09:25:07
E00824,M00510,2R6A18,2025-06-14,,2025-06-19 17:22:37
E00825,M00511,7K2B34,2024-01-01,2024-11-04,2024-11-08 08:18:59
E00826,M00511,7K2B34,2024-12-02,,2024-11-13 08:06:34
E00827,M00512,9H3A67,2024-01-01,2024-09-27,2024-09-28 14:20:43
E00828,M00512,9H6C31,2024-09-28,2024-12-26,2025-01-01 15:21:28
E00829,M00512,9H3A67,2024-12-27,,2024-12-11 12:48:29
E00830,M00513,7K4D09,2024-01-01,,2024-01-05 15:01:33
E00831,M00514,4M7A21,2024-01-01,2024-02-28,2024-02-28 14:57:54
E00832,M00514,4M7A21,2026-02-28,2026-04-15,2026-04-19 12:35:47
E00833,M00514,4M7A21,2026-05-15,,2026-05-15 13:29:10
E00834,M00515,8T3B27,2024-01-01,,2023-12-21 13:12:01
E00835,M00516,7D3A51,2024-01-01,,2024-01-24 15:26:59
E00836,M00517,2R9C41,2024-01-01,2024-04-28,2024-04-07 15:05:56
E00837,M00517,2R9C41,2024-05-07,2025-01-20,2025-01-20 08:19:13
E00838,M00517,2R9C41,2025-02-05,,2025-06-01 12:01:59
E00839,M00518,4M7A21,2024-01-01,,2024-01-06 15:02:37
E00840,M00519,8T3B27,2024-01-01,,2023-12-25 14:18:42
E00841,M00520,7K2B34,2024-01-01,,2024-01-28 09:41:07
E00842,M00521,7K4D09,2024-01-01,2024-08-10,2024-08-07 11:42:45
E00843,M00521,7K4D09,2024-08-16,,2024-08-23 08:08:45
E00844,M00522,2R6A18,2024-01-01,2024-05-27,2024-05-27 11:22:08
E00845,M00522,2R6A18,2024-06-13,2025-05-23,2025-05-18 12:06:18
E00846,M00523,2R6A18,2024-01-01,,2023-12-15 14:39:45
E00847,M00524,8T3B27,2024-01-01,,2023-12-27 14:29:31
E00848,M00525,4M8C16,2024-01-01,,2024-01-15 09:35:42
E00849,M00526,5Q6B29,2024-01-01,,2024-01-16 08:04:48
E00850,M00527,3V8D35,2024-01-01,,2023-12-12 11:19:42
E00851,M00528,4M7A21,2024-01-01,,2024-01-06 08:09:02
E00852,M00529,2R6A18,2024-01-01,2026-06-30,2026-06-27 17:45:57
E00853,M00530,8T3B27,2024-01-01,2024-05-16,2024-05-20 11:22:08
E00854,M00530,8T3B27,2024-05-25,2025-03-12,2025-03-14 16:12:39
E00855,M00530,8T3B27,2025-03-19,2026-06-30,2026-06-29 14:37:39
E00856,M00531,2R6A18,2024-01-01,,2024-01-05 13:34:57
E00857,M00532,2L8D37,2024-01-01,2026-06-30,2026-07-03 10:01:44
E00858,M00533,7K4D09,2024-01-01,2024-09-28,2024-09-26 17:24:20
E00859,M00533,7K4D09,2025-11-24,,2025-11-23 12:18:12
E00860,M00534,4M8C16,2024-01-01,2024-06-22,2024-06-15 15:07:17
E00861,M00534,4M8C16,2024-07-15,,2024-07-02 14:22:39
E00862,M00535,8T3B27,2024-01-01,,2024-02-14 14:38:21
E00863,M00536,8T3B27,2024-01-01,,2024-01-03 12:53:18
E00864,M00537,8T3B27,2024-01-01,2024-03-26,2024-04-03 15:59:07
E00865,M00537,8T3B27,2024-04-09,2024-12-30,2024-12-12 11:40:14
E00866,M00537,8T3B27,2025-01-29,,2025-02-02 12:19:09
E00867,M00538,9H3A67,2024-01-01,2025-02-14,2025-02-07 16:04:29
E00868,M00538,9H6C31,2025-02-15,,2025-03-31 13:40:13
E00869,M00539,2L8D37,2024-01-01,2026-06-30,2026-06-30 16:25:32
E00870,M00540,4M7A21,2024-01-01,,2024-02-16 13:47:06
E00871,M00541,7K2B34,2024-01-01,2024-04-29,2024-04-27 09:37:07
E00872,M00541,7K2B34,2024-10-24,2024-12-26,2024-12-21 16:09:14
E00873,M00541,7K2B34,2025-01-13,,2025-01-18 17:54:01
E00874,M00542,9H3A67,2024-01-01,2024-07-28,2024-08-01 09:03:42
E00875,M00542,9H6C31,2024-12-10,,2024-11-22 13:22:14
E00876,M00543,5P2A46,2024-01-01,2024-03-10,2024-03-05 16:10:47
E00877,M00543,5P7C12,2024-04-04,2024-08-21,2024-07-25 16:55:46
E00878,M00543,5P2A46,2026-05-19,,2026-05-10 16:07:20
E00879,M00544,6J4B71,2024-01-01,2024-09-04,2024-08-28 14:34:59
E00880,M00544,6J8D23,2024-09-05,2025-02-25,2025-02-27 17:08:23
E00881,M00544,6J4B71,2025-02-26,2025-07-31,2025-08-04 13:23:15
E00882,M00544,2L8D37,2025-08-01,,2025-07-27 13:53:31
E00883,M00545,4M7A21,2024-01-01,,2023-12-30 14:13:17
E00884,M00546,2R6A18,2024-01-01,2024-08-13,2024-07-18 15:51:58
E00885,M00546,2R6A18,2024-08-17,2025-03-06,2025-02-20 16:59:41
E00886,M00546,2R6A18,2025-03-18,,2025-04-25 17:56:45
E00887,M00547,6K7A45,2024-01-01,2024-03-31,2024-04-06 13:40:00
E00888,M00547,6J8D23,2024-04-01,,2024-03-21 13:40:32
E00889,M00548,7K2B34,2024-01-01,,2024-01-30 09:17:00
E00890,M00549,2L8D37,2024-01-01,2024-09-28,2024-09-27 17:53:55
E00891,M00549,2L8D37,2024-10-04,2024-12-21,2024-12-24 08:35:46
E00892,M00549,2L8D37,2025-04-17,,2025-03-27 12:40:41
E00893,M00550,7D3A51,2024-01-01,,2024-02-04 17:16:23
E00894,M00551,7K2B34,2024-01-01,2024-03-21,2024-03-24 11:23:29
E00895,M00551,7K2B34,2024-04-11,2024-08-21,2024-08-21 14:09:19
E00896,M00551,7K2B34,2026-03-02,,2026-02-18 14:14:16
E00897,M00552,4M7A21,2024-01-01,,2024-01-06 08:43:50
E00898,M00553,8T3B27,2024-01-01,,2023-12-31 16:40:24
E00899,M00554,7K2B34,2024-01-01,2025-01-12,2025-01-14 09:44:51
E00900,M00555,4M8C16,2024-01-01,2024-03-31,2024-03-29 16:45:29
E00901,M00555,4M8C16,2024-08-08,,2024-08-03 11:07:51
E00902,M00556,7K2B34,2024-01-01,,2024-01-05 09:10:44
E00903,M00557,2R6A18,2024-01-01,2024-10-31,2024-10-26 13:17:09
E00904,M00557,2R6A18,2024-11-22,,2025-01-06 14:01:33
E00905,M00558,2R6A18,2024-01-01,,2024-01-11 11:11:50
E00906,M00559,4F9C63,2024-01-01,,2023-12-17 16:59:10
E00907,M00560,9G4B72,2024-01-01,2024-05-23,2024-05-19 11:34:05
E00908,M00560,9G2D54,2024-05-24,2025-03-24,2025-03-07 14:31:02
E00909,M00560,9G4B72,2025-03-29,,2025-03-09 14:50:30
E00910,M00561,8T3B27,2024-01-01,,2024-01-07 13:14:58
E00911,M00562,4F9C63,2024-01-01,,2023-12-15 09:39:47
E00912,M00563,2R6A18,2024-01-01,,2023-12-13 15:03:21
E00913,M00564,3V4B58,2024-01-01,2024-03-31,2024-04-05 11:47:29
E00914,M00564,3W2C61,2024-04-01,,2024-03-25 12:14:55
E00915,M00565,7K2B34,2024-01-01,,2024-01-15 17:34:42
E00916,M00566,1X5B24,2024-01-01,2024-11-14,2024-11-09 16:11:29
E00917,M00566,1X5B24,2024-11-29,2026-06-30,2026-06-30 08:55:20
E00918,M00567,7K2B34,2024-01-01,2024-07-11,2024-07-14 13:03:12
E00919,M00567,7K2B34,2025-08-27,,2025-08-20 16:17:23
E00920,M00568,7D3A51,2024-01-01,,2023-12-13 11:16:42
E00921,M00569,4N3B62,2024-01-01,2024-05-02,2024-04-17 13:53:51
E00922,M00569,4N3B62,2024-05-28,,2024-05-29 08:06:53
E00923,M00570,4M7A21,2024-01-01,2024-08-11,2024-07-17 11:51:28
E00924,M00570,4M7A21,2025-01-20,,2025-01-05 08:32:31
E00925,M00571,7K4D09,2024-01-01,2024-10-26,2024-10-20 16:59:15
E00926,M00571,7K4D09,2024-11-25,2025-06-30,2025-07-05 14:05:00
E00927,M00571,7L6A25,2025-07-01,,2025-06-21 15:08:04
E00928,M00572,3W7A43,2024-01-01,2024-12-28,2024-12-23 17:12:59
E00929,M00572,3W2C61,2025-01-23,,2025-01-12 13:58:00
E00930,M00573,7D3A51,2024-01-01,,2023-12-22 13:33:40
E00931,M00574,7K4D09,2024-01-01,2024-10-25,2024-10-22 11:40:23
E00932,M00574,7K4D09,2024-11-16,,2024-11-06 13:05:33
E00933,M00575,8T5D52,2024-01-01,2026-06-30,2026-06-01 09:30:48
E00934,M00576,7D3A51,2024-01-01,2024-07-03,2024-07-04 13:08:43
E00935,M00576,7D3A51,2024-07-08,,2024-08-11 08:55:14
E00936,M00577,9H3A67,2024-01-01,2026-02-28,2026-03-02 12:38:48
E00937,M00577,4F9C63,2026-03-01,,2026-02-22 07:42:23
E00938,M00578,5P2A46,2024-01-01,2025-01-21,2025-01-24 16:42:12
E00939,M00578,5P7C12,2025-01-22,,2025-02-28 08:44:49
E00940,M00579,4M7A21,2024-01-01,2024-06-19,2024-06-19 09:33:22
E00941,M00579,4M7A21,2024-07-10,2025-02-01,2025-02-05 12:35:55
E00942,M00579,4M7A21,2026-04-27,,2026-05-04 12:51:18
E00943,M00580,8T3B27,2024-01-01,2025-03-30,2025-03-26 08:19:08
E00944,M00580,8T3B27,2026-05-31,,2026-05-15 12:28:36
E00945,M00581,1X5B24,2024-01-01,2024-10-07,2024-09-10 16:16:11
E00946,M00581,1X5B24,2024-10-09,,2024-10-20 10:31:53
E00947,M00582,7K2B34,2024-01-01,2024-12-04,2024-12-08 13:26:22
E00948,M00582,7K2B34,2024-12-06,,2024-12-29 14:57:06
E00949,M00583,2R6A18,2024-01-01,,2023-12-29 09:56:36
E00950,M00584,2R6A18,2024-01-01,,2023-12-26 15:03:43
E00951,M00585,7K2B34,2024-01-01,,2023-12-22 10:32:42
E00952,M00586,2R6A18,2024-01-01,,2023-12-12 17:58:11
E00953,M00587,8T3B27,2024-01-01,2024-05-31,2024-05-27 17:04:23
E00954,M00587,8T3B27,2024-06-26,2025-01-18,2025-01-21 12:29:57
E00955,M00587,8T3B27,2025-03-25,,2025-03-31 09:47:35
E00956,M00588,7K4D09,2024-01-01,,2024-01-22 10:09:58
E00957,M00589,2R6A18,2024-01-01,2024-08-01,2024-07-31 12:29:17
E00958,M00589,2R6A18,2025-10-25,,2025-10-16 13:00:32
E00959,M00590,7K2B34,2024-01-01,2024-10-05,2024-09-05 10:16:38
E00960,M00590,7K2B34,2025-04-28,2025-07-23,2025-07-19 13:39:19
E00961,M00590,7K2B34,2025-08-11,,2025-08-14 17:38:05
E00962,M00591,2L8D37,2024-01-01,,2024-03-17 10:58:46
E00963,M00592,5P2A46,2024-01-01,2024-08-29,2024-08-28 10:33:44
E00964,M00592,5P7C12,2024-08-30,,2024-08-09 14:38:26
E00965,M00593,9H6C31,2024-01-01,,2024-01-01 14:17:14
E00966,M00594,8T3B27,2024-01-01,,2023-12-26 10:30:24
E00967,M00595,4M7A21,2024-01-01,2024-03-18,2024-03-18 17:43:35
E00968,M00595,4M7A21,2024-04-05,2025-03-25,2025-03-29 16:15:51
E00969,M00595,4M7A21,2025-04-09,,2025-03-29 17:28:10
E00970,M00596,2R6A18,2024-01-01,2024-11-11,2024-11-06 08:16:55
E00971,M00596,2R6A18,2024-11-29,,2024-11-22 14:00:31
E00972,M00597,8T3B27,2024-01-01,2024-12-06,2024-12-07 13:09:59
E00973,M00597,8T3B27,2026-04-28,,2026-04-18 14:01:35
E00974,M00598,4M7A21,2024-01-01,,2024-01-18 12:51:31
E00975,M00599,2S4D73,2024-01-01,2024-05-03,2024-05-03 16:33:17
E00976,M00599,2S4D73,2024-05-21,2025-03-31,2025-04-02 11:54:56
E00977,M00599,2R9C41,2025-04-01,,2025-03-27 10:10:44
E00978,M00600,4F9C63,2024-01-01,2024-07-09,2024-06-24 15:55:41
E00979,M00600,4F9C63,2024-08-04,2025-03-13,2025-03-18 09:07:12
E00980,M00600,4F9C63,2025-03-19,2026-06-30,2026-06-30 10:26:30
E00981,M00601,3V4B58,2024-01-01,2024-12-19,2024-12-08 08:04:39
E00982,M00601,3V8D35,2024-12-20,,2024-12-06 10:25:52
E00983,M00602,2L8D37,2024-01-01,,2024-04-06 17:44:19
E00984,M00603,4F9C63,2024-01-01,,2023-12-28 08:50:01
E00985,M00604,4F9C63,2024-01-01,2024-03-15,2024-03-16 13:26:48
E00986,M00604,4F9C63,2024-03-20,,2024-03-31 08:26:14
E00987,M00605,7K2B34,2024-01-01,,2024-02-03 08:56:11
E00988,M00606,2L8D37,2024-01-01,2024-03-01,2024-03-01 14:45:25
E00989,M00606,2L8D37,2024-03-04,,2024-03-02 15:14:07
E00990,M00607,4M7A21,2024-01-01,,2023-12-23 09:20:11
E00991,M00608,4M7A21,2024-01-01,2026-06-30,2026-06-26 10:41:32
E00992,M00609,7K2B34,2024-01-01,,2023-12-13 10:24:13
E00993,M00610,4N3B62,2024-01-01,,2023-12-14 15:57:28
E00994,M00611,8T5D52,2024-01-01,,2023-12-22 15:57:14
E00995,M00612,8T3B27,2024-01-01,2024-03-27,2024-03-16 08:37:22
E00996,M00612,8T3B27,2024-11-29,2026-06-30,2026-06-27 15:59:15
E00997,M00613,2L8D37,2024-01-01,2024-08-13,2024-07-19 13:16:48
E00998,M00613,2L8D37,2024-09-04,2024-11-06,2024-10-08 08:20:46
E00999,M00613,2L8D37,2024-11-20,,2025-01-04 09:40:33
E01000,M00614,1X5B24,2024-01-01,,2024-01-01 16:17:22
E01001,M00615,4M7A21,2024-01-01,,2024-01-08 13:51:19
E01002,M00616,4M7A21,2024-01-01,2024-04-20,2024-05-29 08:45:25
E01003,M00616,4M7A21,2024-05-15,,2024-05-01 13:41:55
E01004,M00617,2S4D73,2024-01-01,,2023-12-12 08:16:00
E01005,M00618,6J8D23,2024-01-01,,2023-12-26 10:52:26
E01006,M00619,8T3B27,2024-01-01,2025-02-06,2025-03-23 12:03:06
E01007,M00619,8T3B27,2025-02-24,,2025-02-24 14:31:43
E01008,M00620,6J8D23,2024-01-01,2025-03-12,2025-03-06 10:34:07
E01009,M00620,6J4B71,2025-03-13,2026-02-28,2026-03-05 18:17:21
E01010,M00620,2L8D37,2026-03-01,,2026-02-22 17:59:34
E01011,M00621,8T3B27,2024-01-01,2025-01-15,2024-12-21 09:57:33
E01012,M00621,8T3B27,2025-01-19,,2025-01-03 12:55:00
E01013,M00622,2L8D37,2024-01-01,,2023-12-23 15:35:27
E01014,M00623,4M7A21,2024-01-01,,2023-12-26 12:20:03
E01015,M00624,7K4D09,2024-01-01,2024-04-14,2024-04-17 11:39:29
E01016,M00624,7K4D09,2024-05-05,2026-06-30,2026-06-28 15:32:52
E01017,M00625,4M7A21,2024-01-01,2025-02-26,2025-03-12 13:34:00
E01018,M00625,4M7A21,2025-03-09,,2025-04-11 12:08:25
E01019,M00626,8T5D52,2024-01-01,,2024-01-13 16:16:49
E01020,M00627,2R6A18,2024-01-01,2024-03-25,2024-03-25 13:47:16
E01021,M00627,2R6A18,2024-04-12,,2024-05-05 14:02:23
E01022,M00628,2R6A18,2024-01-01,2024-05-16,2024-05-11 13:47:46
E01023,M00628,2R6A18,2024-06-10,2026-06-30,2026-06-26 09:34:14
E01024,M00629,4M7A21,2024-01-01,2026-06-30,2026-06-24 10:03:22
E01025,M00630,8T3B27,2024-01-01,2024-05-24,2024-05-19 09:06:51
E01026,M00630,8T3B27,2024-06-06,2025-06-12,2025-06-16 15:45:45
E01027,M00631,4M7A21,2024-01-01,,2023-12-23 09:02:53
E01028,M00632,2R6A18,2024-01-01,,2024-01-21 08:58:31
E01029,M00633,7K2B34,2024-01-01,2024-10-29,2024-10-11 15:14:06
E01030,M00633,7K2B34,2026-04-14,,2026-04-14 10:20:08
E01031,M00634,3V4B58,2024-01-01,2025-02-28,2025-03-03 14:42:10
E01032,M00634,3W2C61,2025-03-01,,2025-02-12 15:57:58
E01033,M00635,4M7A21,2024-01-01,,2023-12-23 12:38:49
E01034,M00636,2L8D37,2024-01-01,,2024-01-28 15:47:31
E01035,M00637,6K5C18,2024-01-01,,2024-01-08 10:50:31
E01036,M00638,7K2B34,2024-01-01,2024-04-10,2024-03-18 15:15:52
E01037,M00638,7K2B34,2024-04-12,,2024-06-23 17:00:47
E01038,M00639,4F9C63,2024-01-01,2024-09-27,2024-09-22 15:09:40
E01039,M00639,4F9C63,2026-02-14,,2026-02-05 11:31:19
E01040,M00640,6J8D23,2024-01-01,,2024-01-01 15:43:49
E01041,M00641,2L8D37,2024-01-01,,2023-12-29 17:01:07
E01042,M00642,2R6A18,2024-01-01,,2024-01-04 15:24:12
E01043,M00643,7K2B34,2024-01-01,2024-06-16,2024-06-10 15:53:31
E01044,M00643,7K2B34,2024-07-04,,2024-06-15 17:31:23
E01045,M00644,5P2A46,2024-01-01,,2023-12-12 12:34:45
E01046,M00645,1X5B24,2024-01-01,,2023-12-26 09:25:14
E01047,M00646,7D3A51,2024-01-01,2024-11-21,2024-12-02 13:49:37
E01048,M00646,7D3A51,2026-01-09,,2026-02-12 10:50:19
E01049,M00647,8T3B27,2024-01-01,2026-06-30,2026-07-02 12:37:11
E01050,M00648,2R6A18,2024-01-01,2026-06-30,2026-07-01 16:36:16
E01051,M00649,2R6A18,2024-01-01,2025-02-13,2025-02-09 14:45:51
E01052,M00649,2R6A18,2025-03-07,,2025-02-25 13:52:54
E01053,M00650,4M7A21,2024-01-01,2024-04-01,2024-03-29 14:44:53
E01054,M00650,4M7A21,2024-04-11,,2024-04-09 17:54:52
E01055,M00651,4M7A21,2024-01-01,2024-05-29,2024-05-11 17:05:49
E01056,M00651,4M7A21,2024-06-05,,2024-05-22 14:54:05
E01057,M00652,3W7A43,2024-01-01,,2023-12-28 09:02:17
E01058,M00653,9H3A67,2024-01-01,,2024-02-09 14:25:15
E01059,M00654,7K2B34,2024-01-01,2024-11-25,2024-11-25 16:15:31
E01060,M00654,7K2B34,2025-05-01,,2025-04-29 17:18:22
E01061,M00655,7L6A25,2024-01-01,,2023-12-18 08:51:16
E01062,M00656,8T3B27,2024-01-01,2024-08-03,2024-08-05 10:43:14
E01063,M00656,8T3B27,2024-08-07,2025-05-06,2025-05-06 10:37:57
E01064,M00656,8T3B27,2025-06-02,,2025-07-01 09:59:45
E01065,M00657,2R6A18,2024-01-01,2025-02-24,2025-02-12 17:13:54
E01066,M00657,2R6A18,2025-03-23,,2025-03-10 15:54:09
E01067,M00658,4M7A21,2024-01-01,,2023-12-18 15:15:18
E01068,M00659,7K2B34,2024-01-01,2024-09-28,2024-09-21 13:43:52
E01069,M00659,7K2B34,2024-10-16,2026-06-30,2026-06-27 17:42:39
E01070,M00660,4M7A21,2024-01-01,2024-06-03,2024-05-25 12:30:09
E01071,M00660,4M7A21,2024-06-23,,2024-06-05 11:17:51
E01072,M00661,8T3B27,2024-01-01,,2024-01-08 13:30:42
E01073,M00662,4M7A21,2024-01-01,,2023-12-16 11:47:42
E01074,M00663,1X5B24,2024-01-01,2024-10-27,2024-10-18 10:13:11
E01075,M00663,1X5B24,2025-01-29,2025-07-19,2025-07-22 12:20:57
E01076,M00663,1X5B24,2025-08-03,,2025-07-19 11:45:51
E01077,M00664,2L8D37,2024-01-01,2025-02-04,2025-02-03 16:27:55
E01078,M00664,2L8D37,2025-08-12,,2025-09-21 10:51:47
E01079,M00665,8T3B27,2024-01-01,2024-08-11,2024-07-12 15:03:18
E01080,M00665,8T3B27,2024-09-04,2026-06-30,2026-06-28 13:38:25
E01081,M00666,4M8C16,2024-01-01,,2023-12-15 15:21:14
E01082,M00667,3V4B58,2024-01-01,2024-08-26,2024-09-08 14:29:24
E01083,M00667,3V8D35,2024-08-27,,2024-08-08 09:06:57
E01084,M00668,1X5B24,2024-01-01,,2024-02-13 12:43:39
E01085,M00669,4M8C16,2024-01-01,2024-05-02,2024-05-07 10:50:42
E01086,M00669,4M8C16,2024-07-27,2026-06-30,2026-07-01 09:25:03
E01087,M00670,7K2B34,2024-01-01,,2024-01-04 14:16:05
E01088,M00671,4M7A21,2024-01-01,,2023-12-29 16:11:07
E01089,M00672,2R6A18,2024-01-01,2025-02-27,2025-02-25 11:35:33
E01090,M00672,2R6A18,2026-01-24,,2026-01-08 13:52:59
E01091,M00673,4M7A21,2024-01-01,2024-09-18,2024-09-21 17:34:20
E01092,M00673,4M7A21,2025-03-18,2026-06-30,2026-07-13 12:21:36
E01093,M00674,8T3B27,2024-01-01,2024-10-26,2024-10-02 08:55:24
E01094,M00675,4M7A21,2024-01-01,2026-06-30,2026-06-23 11:51:09
E01095,M00676,9H6C31,2024-01-01,2025-05-31,2025-06-02 12:54:31
E01096,M00676,9G2D54,2025-06-01,,2025-05-12 17:29:23
E01097,M00677,7K2B34,2024-01-01,2026-06-30,2026-06-24 09:24:29
E01098,M00678,8T5D52,2024-01-01,2024-04-07,2024-04-12 12:25:11
E01099,M00678,8T3B27,2024-05-01,,2024-04-20 16:57:32
E01100,M00679,4M7A21,2024-01-01,,2023-12-16 15:39:07
E01101,M00680,6J4B71,2024-01-01,2024-06-21,2024-06-17 14:24:28
E01102,M00680,6J8D23,2024-12-24,2026-02-28,2026-03-01 18:03:01
E01103,M00680,6K5C18,2026-03-01,,2026-02-26 13:37:41
E01104,M00681,8T3B27,2024-01-01,,2024-01-05 13:20:35
E01105,M00682,3V8D35,2024-01-01,,2024-01-15 09:59:51
E01106,M00683,4M8C16,2024-01-01,2026-06-30,2026-07-20 08:09:28
E01107,M00684,4M7A21,2024-01-01,2024-06-13,2024-06-17 11:27:45
E01108,M00684,4M7A21,2025-08-20,,2025-08-17 12:02:22
E01109,M00685,7K2B34,2024-01-01,,2024-01-08 15:06:54
E01110,M00686,3W7A43,2024-01-01,,2023-12-13 09:05:35
E01111,M00687,7K4D09,2024-01-01,2026-06-30,2026-06-27 10:31:16
E01112,M00688,8U7C14,2024-01-01,2024-03-05,2024-02-13 08:20:07
E01113,M00688,8U7C14,2024-03-24,,2024-03-19 15:26:02
E01114,M00689,3W2C61,2024-01-01,,2024-01-27 15:23:07
E01115,M00690,2R6A18,2024-01-01,2024-10-30,2024-10-30 15:28:54
E01116,M00690,2R6A18,2024-11-21,,2024-11-28 15:07:19
E01117,M00691,2R6A18,2024-01-01,2024-08-07,2024-08-07 08:53:25
E01118,M00691,2R6A18,2024-09-06,,2024-10-01 13:47:51
E01119,M00692,2R9C41,2024-01-01,2024-09-25,2024-09-19 13:41:02
E01120,M00692,2R9C41,2024-09-29,2025-03-20,2025-03-27 08:49:45
E01121,M00693,3W2C61,2024-01-01,,2023-12-19 08:55:31
E01122,M00694,8T5D52,2024-01-01,2024-10-11,2024-09-21 12:26:28
E01123,M00694,8T5D52,2024-10-25,2026-01-31,2026-02-02 09:18:18
E01124,M00694,8U7C14,2026-02-01,,2026-01-12 16:15:56
E01125,M00695,4M7A21,2024-01-01,,2023-12-29 17:50:55
E01126,M00696,4M7A21,2024-01-01,,2024-02-04 15:24:19
E01127,M00697,2R6A18,2024-01-01,,2024-06-28 09:17:09
E01128,M00698,4M7A21,2024-01-01,,2023-12-16 08:42:46
E01129,M00699,7L6A25,2024-01-01,2024-07-20,2024-07-02 13:26:56
E01130,M00699,7L6A25,2024-08-15,2025-02-06,2025-01-17 10:23:58
E01131,M00699,7L6A25,2025-02-25,,2025-02-10 16:38:08
E01132,M00700,7D3A51,2024-01-01,2024-12-13,2024-12-12 16:01:24
E01133,M00700,7D3A51,2024-12-18,2026-06-30,2026-06-21 14:41:23
E01134,M00701,3V4B58,2024-01-01,,2023-12-18 13:49:59
E01135,M00702,7K2B34,2024-01-01,,2023-12-23 10:56:07
E01136,M00703,7K2B34,2024-01-01,2025-03-30,2025-03-25 16:28:59
E01137,M00703,7K2B34,2025-04-16,2025-07-31,2025-08-04 08:08:28
E01138,M00703,9H6C31,2025-08-01,,2025-07-16 07:00:19
E01139,M00704,2R6A18,2024-01-01,2025-02-12,2025-02-15 08:00:41
E01140,M00704,2R6A18,2026-01-08,,2026-01-07 17:20:46
E01141,M00705,2R6A18,2024-01-01,,2024-01-01 12:56:05
E01142,M00706,5Q6B29,2024-01-01,,2024-01-10 09:02:33
E01143,M00707,8T3B27,2024-01-01,2025-02-17,2025-02-10 17:42:01
E01144,M00707,8T3B27,2025-03-02,,2025-02-25 09:25:12
E01145,M00708,8T3B27,2024-01-01,2024-05-20,2024-05-18 14:52:40
E01146,M00708,8T3B27,2025-01-01,2026-06-30,2026-06-27 08:31:59
E01147,M00709,2R6A18,2024-01-01,2024-04-26,2024-04-14 13:34:20
E01148,M00709,2R6A18,2024-05-19,,2024-05-02 13:36:57
E01149,M00710,4M7A21,2024-01-01,2024-12-16,2024-12-19 09:47:57
E01150,M00710,4M7A21,2025-01-10,,2024-12-28 08:10:36
E01151,M00711,4M7A21,2024-01-01,,2024-01-04 12:07:29
E01152,M00712,7D3A51,2024-01-01,,2023-12-11 08:20:08
E01153,M00713,8T3B27,2024-01-01,2024-04-21,2024-04-25 11:30:34
E01154,M00713,8T3B27,2025-11-27,2026-06-30,2026-07-02 13:16:11
E01155,M00714,4M7A21,2024-01-01,,2024-02-13 13:50:52
E01156,M00715,6J4B71,2024-01-01,2025-09-30,2025-10-01 07:55:00
E01157,M00715,2L8D37,2025-10-01,,2025-09-13 12:04:20
E01158,M00716,2L8D37,2024-01-01,2026-06-30,2026-07-01 15:34:26
E01159,M00717,9H3A67,2024-01-01,,2024-01-01 13:21:16
E01160,M00718,2R6A18,2024-01-01,,2023-12-29 08:35:11
E01161,M00719,4M7A21,2024-01-01,,2024-05-08 13:42:58
E01162,M00720,7K2B34,2024-01-01,2026-06-30,2026-06-24 12:25:37
E01163,M00721,5P7C12,2024-01-01,2024-04-09,2024-03-27 10:39:07
E01164,M00721,5P2A46,2024-04-10,,2024-03-31 13:01:20
E01165,M00722,4M7A21,2024-01-01,2026-06-30,2026-06-29 12:37:42
E01166,M00723,7K4D09,2024-01-01,,2023-12-14 12:55:39
E01167,M00724,2R6A18,2024-01-01,,2023-12-27 16:10:06
E01168,M00725,8T3B27,2024-01-01,2024-06-01,2024-05-19 15:41:43
E01169,M00725,8T3B27,2024-06-25,2026-06-30,2026-07-02 09:41:41
E01170,M00726,2R9C41,2024-01-01,,2024-01-12 12:42:34
E01171,M00727,2R6A18,2024-01-01,,2024-01-22 17:42:11
E01172,M00728,7K2B34,2024-01-01,2024-05-06,2024-04-28 15:06:36
E01173,M00728,7K2B34,2024-12-13,,2024-12-18 12:37:04
E01174,M00729,4F9C63,2024-01-01,2024-04-09,2024-03-19 09:13:49
E01175,M00729,4F9C63,2026-02-01,2026-04-07,2026-04-07 11:12:12
E01176,M00729,4F9C63,2026-06-21,,2026-06-14 14:55:03
E01177,M00730,7K4D09,2024-01-01,2025-05-31,2025-06-05 18:53:51
E01178,M00730,7L6A25,2025-06-01,,2025-05-17 09:49:13
E01179,M00731,8T3B27,2024-01-01,2024-08-04,2024-08-01 15:50:51
E01180,M00731,8T3B27,2025-11-07,,2025-10-20 10:54:57
E01181,M00732,4M7A21,2024-01-01,,2023-12-15 08:23:38
E01182,M00733,2R6A18,2024-01-01,2024-10-10,2024-10-09 12:27:28
E01183,M00733,2R6A18,2024-11-03,2026-06-30,2026-07-04 14:15:21
E01184,M00734,2R6A18,2024-01-01,2025-02-18,2025-02-21 16:50:05
E01185,M00734,2R6A18,2025-03-17,,2025-03-22 17:42:57
E01186,M00735,8T3B27,2024-01-01,,2023-12-21 13:36:11
E01187,M00736,8T3B27,2024-01-01,,2023-12-23 14:00:35
E01188,M00737,7K2B34,2024-01-01,2024-05-28,2024-05-09 14:33:36
E01189,M00737,7K2B34,2024-06-03,2025-04-13,2025-05-15 12:48:10
E01190,M00737,7K2B34,2025-04-16,,2025-03-28 12:00:02
E01191,M00738,4M7A21,2024-01-01,2024-10-15,2024-10-11 17:39:45
E01192,M00738,4M7A21,2024-10-25,,2024-11-02 11:05:04
E01193,M00739,2L8D37,2024-01-01,,2024-01-06 09:37:05
E01194,M00740,6J8D23,2024-01-01,,2024-04-11 13:19:34
E01195,M00741,7K2B34,2024-01-01,2024-04-22,2024-04-04 12:47:33
E01196,M00741,7K2B34,2024-05-03,,2024-04-18 16:41:10
E01197,M00742,4F9C63,2024-01-01,2025-01-15,2025-01-12 10:16:35
E01198,M00742,4F9C63,2025-02-05,,2025-01-25 10:36:31
E01199,M00743,8T3B27,2024-01-01,,2023-12-22 10:51:02
E01200,M00744,3V8D35,2024-01-01,2024-07-01,2024-06-21 15:22:42
E01201,M00744,3V4B58,2024-07-02,2025-06-25,2025-06-30 12:38:48
E01202,M00744,3V8D35,2025-06-26,,2025-06-17 15:21:19
E01203,M00745,7K2B34,2024-01-01,,2023-12-12 16:30:53
E01204,M00746,8T3B27,2024-01-01,2024-05-28,2024-06-02 12:13:36
E01205,M00746,8T3B27,2024-06-08,,2024-05-28 16:59:29
E01206,M00747,7K2B34,2024-01-01,,2024-01-14 10:42:57
E01207,M00748,4F9C63,2024-01-01,,2023-12-15 16:09:48
E01208,M00749,7K2B34,2024-01-01,2024-09-16,2024-09-11 17:56:20
E01209,M00749,7K2B34,2024-09-17,,2024-08-28 15:47:38
E01210,M00750,4N3B62,2024-01-01,,2024-05-05 17:26:28
E01211,M00751,4M7A21,2024-01-01,2024-03-22,2024-03-29 16:42:34
E01212,M00751,4M7A21,2024-03-24,,2024-04-08 14:58:48
E01213,M00752,1X5B24,2024-01-01,2024-12-18,2024-12-22 11:17:59
E01214,M00752,1X5B24,2025-01-14,,2025-01-04 12:37:32
E01215,M00753,7K2B34,2024-01-01,,2024-01-26 13:46:53
E01216,M00754,2R6A18,2024-01-01,2024-03-29,2024-03-30 08:47:27
E01217,M00754,2R6A18,2026-03-16,,2026-04-13 13:52:43
E01218,M00755,2R6A18,2024-01-01,2024-07-02,2024-07-12 16:20:31
E01219,M00755,2R6A18,2025-10-31,,2025-11-29 13:59:27
E01220,M00756,2R6A18,2024-01-01,2025-03-30,2025-03-12 17:43:57
E01221,M00756,2R6A18,2025-04-09,,2025-04-19 11:26:29
E01222,M00757,4F9C63,2024-01-01,2025-01-05,2025-01-05 12:00:45
E01223,M00757,4F9C63,2025-02-18,,2025-02-02 08:48:05
E01224,M00758,8T3B27,2024-01-01,2025-02-04,2025-02-08 16:03:49
E01225,M00758,8T3B27,2025-02-26,,2025-02-13 11:13:48
E01226,M00759,4M7A21,2024-01-01,2024-05-24,2024-05-23 13:26:19
E01227,M00759,4M7A21,2024-07-02,,2024-07-04 14:07:24
E01228,M00760,8T3B27,2024-01-01,2024-03-14,2024-03-08 12:57:38
E01229,M00760,8T3B27,2024-04-07,2024-12-01,2024-11-28 16:45:05
E01230,M00760,8T3B27,2026-03-09,2026-06-30,2026-06-18 12:04:05
E01231,M00761,8T3B27,2024-01-01,,2024-01-04 14:56:35
E01232,M00762,1X5B24,2024-01-01,,2024-01-04 16:10:54
E01233,M00763,2R6A18,2024-01-01,2024-08-20,2024-08-23 12:56:38
E01234,M00763,2R9C41,2024-08-21,2025-01-24,2025-01-04 13:24:19
E01235,M00764,7K2B34,2024-01-01,2024-07-31,2024-07-26 15:34:16
E01236,M00764,7K2B34,2024-08-09,2025-04-10,2025-04-12 13:26:32
E01237,M00764,7K2B34,2025-04-28,,2025-04-22 12:37:25
E01238,M00765,7K2B34,2024-01-01,2025-01-16,2025-02-20 15:10:38
E01239,M00765,7K2B34,2025-02-14,2026-06-30,2026-06-21 16:57:24
E01240,M00766,7K2B34,2024-01-01,2026-06-30,2026-07-21 08:15:35
E01241,M00767,2L8D37,2024-01-01,2024-03-14,2024-03-18 12:28:12
E01242,M00767,2L8D37,2024-03-20,,2024-03-02 08:02:42
E01243,M00768,4M7A21,2024-01-01,,2023-12-16 16:06:14
E01244,M00769,4F9C63,2024-01-01,2026-06-30,2026-06-29 09:39:49
E01245,M00770,4M7A21,2024-01-01,2024-03-01,2024-02-12 08:55:57
E01246,M00770,4M7A21,2024-03-07,,2024-03-14 09:17:08
E01247,M00771,7D3A51,2024-01-01,2024-07-13,2024-07-15 09:46:09
E01248,M00771,7D3A51,2024-08-06,,2024-08-09 11:48:09
E01249,M00772,8T3B27,2024-01-01,2024-08-09,2024-08-04 17:18:14
E01250,M00772,8T3B27,2024-08-23,,2024-08-07 13:24:45
E01251,M00773,2L8D37,2024-01-01,2026-06-30,2026-07-03 12:57:32
E01252,M00774,8T3B27,2024-01-01,2024-07-28,2024-07-30 16:10:33
E01253,M00774,8T3B27,2024-08-08,,2024-08-07 17:37:27
E01254,M00775,2R9C41,2024-01-01,2024-03-13,2024-03-16 14:33:00
E01255,M00775,2R9C41,2024-03-22,2024-05-18,2024-05-18 12:46:09
E01256,M00775,2R9C41,2024-06-10,,2024-05-24 11:42:12
E01257,M00776,1X5B24,2024-01-01,,2023-12-23 09:35:51
E01258,M00777,7K2B34,2024-01-01,,2024-01-28 08:58:11
E01259,M00778,5Q9D36,2024-01-01,2024-10-13,2024-10-15 12:18:48
E01260,M00778,5Q6B29,2024-10-14,,2024-11-12 14:06:41
E01261,M00779,7K2B34,2024-01-01,,2024-01-04 12:07:10
E01262,M00780,2R6A18,2024-01-01,2024-05-21,2024-05-21 16:34:29
E01263,M00780,2R6A18,2025-10-25,2026-02-13,2026-02-16 13:42:12
E01264,M00781,2R6A18,2024-01-01,,2023-12-27 12:19:18
E01265,M00782,6J8D23,2024-01-01,2024-04-19,2024-04-22 14:35:37
E01266,M00782,6J4B71,2024-04-20,2025-04-04,2025-03-06 16:29:57
E01267,M00782,6J8D23,2025-04-30,,2025-04-15 17:06:59
E01268,M00783,4M7A21,2024-01-01,2026-06-30,2026-07-03 16:28:00
E01269,M00784,2R6A18,2024-01-01,,2024-01-02 16:10:30
E01270,M00785,7D3A51,2024-01-01,,2024-06-09 08:23:29
E01271,M00786,4M7A21,2024-01-01,,2024-01-05 16:55:17
E01272,M00787,4M7A21,2024-01-01,,2023-12-31 10:48:20
E01273,M00788,2R9C41,2024-01-01,,2023-12-20 16:28:16
E01274,M00789,4M7A21,2024-01-01,,2023-12-17 10:14:14
E01275,M00790,4M8C16,2024-01-01,2024-09-13,2024-09-07 17:55:56
E01276,M00790,4M8C16,2025-06-07,2025-12-31,2026-01-04 13:52:38
E01277,M00790,4N3B62,2026-01-01,,2025-12-21 12:46:46
E01278,M00791,2R6A18,2024-01-01,,2024-06-13 09:56:13
E01279,M00792,4M7A21,2024-01-01,2024-09-30,2024-09-30 11:54:36
E01280,M00792,4M7A21,2024-10-13,2025-08-01,2025-09-02 14:39:43
E01281,M00793,8U7C14,2024-01-01,2024-06-18,2024-06-12 10:56:27
E01282,M00793,8U7C14,2024-07-11,2025-12-31,2026-01-03 08:07:59
E01283,M00793,8T5D52,2026-01-01,2026-06-30,2025-12-28 09:05:22
E01284,M00794,2S4D73,2024-01-01,2025-03-31,2025-03-17 09:55:23
E01285,M00794,2S4D73,2025-12-17,2026-06-30,2026-07-23 10:42:15
E01286,M00795,4M7A21,2024-01-01,,2023-12-23 16:59:23
E01287,M00796,8T3B27,2024-01-01,2024-04-26,2024-04-30 17:53:26
E01288,M00796,8T3B27,2024-05-07,,2024-05-13 15:40:17
E01289,M00797,7D3A51,2024-01-01,,2024-06-04 16:49:26
E01290,M00798,2R6A18,2024-01-01,2024-09-16,2024-09-10 11:36:04
E01291,M00798,2R6A18,2024-10-13,2026-06-30,2026-06-26 14:41:02
E01292,M00799,4M7A21,2024-01-01,2024-05-04,2024-05-08 10:40:04
E01293,M00799,4M8C16,2024-05-05,2024-10-19,2024-10-17 10:44:03
E01294,M00799,4M7A21,2024-10-20,,2024-10-02 08:50:44
E01295,M00800,9H3A67,2024-01-01,,2023-12-23 08:27:38
E01296,M00801,4M7A21,2024-01-01,,2023-12-22 11:18:35
E01297,M00802,4M7A21,2024-01-01,2026-06-30,2026-07-03 09:14:34
E01298,M00803,4M7A21,2024-01-01,2024-09-05,2024-09-06 14:11:14
E01299,M00803,4M7A21,2024-10-04,,2024-09-21 14:58:10
E01300,M00804,4F9C63,2024-01-01,2024-08-16,2024-08-09 17:17:23
E01301,M00804,4F9C63,2024-08-25,,2024-08-23 09:25:20
E01302,M00805,2R6A18,2024-01-01,,2023-12-22 08:05:27
E01303,M00806,4F9C63,2024-01-01,2024-08-22,2024-08-01 15:45:41
E01304,M00806,4F9C63,2024-11-03,2025-06-21,2025-06-20 16:29:38
E01305,M00806,4F9C63,2025-06-23,,2025-06-16 16:52:21
E01306,M00807,4M7A21,2024-01-01,,2023-12-29 11:46:57
E01307,M00808,7K2B34,2024-01-01,2024-12-26,2025-01-25 17:15:24
E01308,M00808,7K2B34,2025-11-14,,2025-11-05 11:56:03
E01309,M00809,6J8D23,2024-01-01,,2024-01-07 15:04:25
E01310,M00810,5P7C12,2024-01-01,2025-07-31,2025-08-01 16:48:47
E01311,M00810,1X5B24,2025-08-01,,2025-07-27 12:31:45
E01312,M00811,8T3B27,2024-01-01,2024-08-18,2024-09-21 09:23:43
E01313,M00811,8T3B27,2024-09-04,2024-11-04,2024-11-07 09:29:34
E01314,M00811,8T3B27,2026-04-16,,2026-05-05 11:58:56
E01315,M00812,3W7A43,2024-01-01,2024-12-31,2025-01-05 14:49:26
E01316,M00812,3V4B58,2025-01-01,,2024-12-15 14:36:27
E01317,M00813,9G2D54,2024-01-01,2024-06-18,2024-06-17 09:27:02
E01318,M00813,9G4B72,2024-06-20,,2024-06-24 09:39:33
E01319,M00814,8T3B27,2024-01-01,2024-08-06,2024-07-30 15:26:02
E01320,M00814,8T3B27,2024-08-25,,2024-10-19 08:49:08
E01321,M00815,8T3B27,2024-01-01,,2023-12-29 13:50:36
E01322,M00816,7K4D09,2024-01-01,2024-04-12,2024-04-15 08:40:23
E01323,M00816,7K4D09,2024-04-19,,2024-04-21 10:51:38
E01324,M00817,2L8D37,2024-01-01,,2024-01-08 11:24:41
E01325,M00818,2R6A18,2024-01-01,,2023-12-20 14:58:18
E01326,M00819,6J4B71,2024-01-01,,2023-12-31 10:37:03
E01327,M00820,2R6A18,2024-01-01,,2023-12-20 17:51:28
E01328,M00821,8T3B27,2024-01-01,,2024-01-03 17:54:18
E01329,M00822,7K2B34,2024-01-01,2024-10-31,2024-11-02 13:35:40
E01330,M00822,9H6C31,2024-11-01,,2024-10-23 16:31:13
E01331,M00823,8T3B27,2024-01-01,,2024-01-04 10:06:43
E01332,M00824,7K2B34,2024-01-01,2024-05-15,2024-05-16 12:35:03
E01333,M00824,7K2B34,2024-08-31,,2024-09-01 13:35:05
E01334,M00825,3W2C61,2024-01-01,2024-03-10,2024-03-04 10:51:17
E01335,M00825,3W7A43,2024-03-24,,2024-03-29 11:09:29
E01336,M00826,5P7C12,2024-01-01,,2024-01-08 16:44:07
E01337,M00827,7K2B34,2024-01-01,2024-09-20,2024-09-23 08:47:58
E01338,M00827,7K2B34,2024-10-10,,2024-10-05 10:09:43
E01339,M00828,3V8D35,2024-01-01,,2024-01-02 17:12:38
E01340,M00829,2L8D37,2024-01-01,2024-07-15,2024-06-15 14:40:07
E01341,M00829,2L8D37,2024-07-19,2024-10-18,2024-10-21 09:20:44
E01342,M00830,2R6A18,2024-01-01,,2023-12-13 15:10:08
E01343,M00831,2R6A18,2024-01-01,2026-06-30,2026-06-28 09:56:25
E01344,M00832,2R6A18,2024-01-01,,2024-01-06 16:45:30
E01345,M00833,8T3B27,2024-01-01,2024-09-23,2024-09-25 17:34:31
E01346,M00833,8T3B27,2024-10-12,,2024-11-16 08:34:46
E01347,M00834,9H3A67,2024-01-01,2025-02-07,2025-02-26 15:45:54
E01348,M00834,9H6C31,2025-02-08,,2025-02-15 08:32:42
E01349,M00835,1X5B24,2024-01-01,,2023-12-26 15:55:22
E01350,M00836,7K2B34,2024-01-01,,2024-01-07 09:32:58
E01351,M00837,8T3B27,2024-01-01,2025-03-18,2025-03-17 14:55:40
E01352,M00837,8T3B27,2025-04-09,,2025-04-01 12:31:59
E01353,M00838,4M8C16,2024-01-01,2024-03-09,2024-03-07 14:22:30
E01354,M00838,4M8C16,2024-03-12,2025-07-31,2025-08-04 14:36:19
E01355,M00838,4N3B62,2025-08-01,,2025-07-21 16:52:41
E01356,M00839,5Q9D36,2024-01-01,2025-09-30,2025-10-01 07:07:55
E01357,M00839,5P2A46,2025-10-01,,2025-09-17 07:47:42
E01358,M00840,4F9C63,2024-01-01,2024-07-31,2024-07-07 12:55:24
E01359,M00840,4F9C63,2024-08-19,,2024-08-07 16:33:14
E01360,M00841,2R6A18,2024-01-01,2024-07-22,2024-06-28 14:38:04
E01361,M00841,2R6A18,2024-08-15,2025-04-15,2025-04-08 12:00:56
E01362,M00841,2R6A18,2025-04-27,,2025-04-07 14:56:14
E01363,M00842,7K4D09,2024-01-01,,2024-01-07 12:47:44
E01364,M00843,6J4B71,2024-01-01,2026-06-30,2026-06-29 14:44:47
E01365,M00844,8T3B27,2024-01-01,,2024-02-01 13:55:45
E01366,M00845,5P7C12,2024-01-01,,2023-12-13 08:03:45
E01367,M00846,7K4D09,2024-01-01,2024-12-30,2024-12-27 09:26:02
E01368,M00846,7K4D09,2025-01-14,,2025-06-13 13:36:12
E01369,M00847,2R6A18,2024-01-01,,2023-12-19 17:01:29
E01370,M00848,7D3A51,2024-01-01,,2023-12-17 12:50:27
E01371,M00849,2R6A18,2024-01-01,,2024-01-24 15:12:17
E01372,M00850,2R6A18,2024-01-01,,2023-12-20 11:33:40
E01373,M00851,2R6A18,2024-01-01,2024-03-19,2024-02-24 12:02:30
E01374,M00851,2R6A18,2024-04-15,,2024-05-30 08:53:28
E01375,M00852,8T3B27,2024-01-01,2024-06-26,2024-06-10 09:31:56
E01376,M00852,8T3B27,2024-06-29,,2024-07-29 14:09:14
E01377,M00853,5Q9D36,2024-01-01,2024-04-21,2024-03-31 09:29:23
E01378,M00853,5Q6B29,2024-04-22,,2024-04-22 13:52:12
E01379,M00854,6K7A45,2024-01-01,2024-08-06,2024-08-09 17:33:30
E01380,M00854,6K5C18,2025-12-10,,2025-11-21 14:11:25
E01381,M00855,4M7A21,2024-01-01,,2023-12-30 13:08:27
E01382,M00856,2R6A18,2024-01-01,,2023-12-26 12:27:51
E01383,M00857,2R6A18,2024-01-01,,2023-12-29 14:05:00
E01384,M00858,1X5B24,2024-01-01,,2023-12-17 08:32:04
E01385,M00859,2R6A18,2024-01-01,2026-06-30,2026-06-26 12:07:29
E01386,M00860,2L8D37,2024-01-01,2024-07-19,2024-07-13 13:13:29
E01387,M00860,2L8D37,2024-12-23,2025-07-20,2025-07-14 15:00:01
E01388,M00860,2L8D37,2025-08-01,,2025-08-18 15:25:05
E01389,M00861,8T5D52,2024-01-01,,2023-12-31 17:34:44
E01390,M00862,7K2B34,2024-01-01,,2024-01-26 17:56:31
E01391,M00863,7D3A51,2024-01-01,,2024-01-06 11:01:10
E01392,M00864,7D3A51,2024-01-01,,2023-12-15 12:09:50
E01393,M00865,1X5B24,2024-01-01,,2023-12-11 08:05:52
E01394,M00866,4M7A21,2024-01-01,2026-06-30,2026-07-04 10:19:55
E01395,M00867,7K2B34,2024-01-01,2024-06-03,2024-06-03 17:17:52
E01396,M00867,7K2B34,2024-06-14,2025-04-01,2025-05-12 12:45:06
E01397,M00867,7K2B34,2025-04-25,,2025-04-28 15:50:31
E01398,M00868,2R9C41,2024-01-01,2024-05-03,2024-04-21 15:46:33
E01399,M00868,2R9C41,2025-06-27,,2025-06-08 08:30:03
E01400,M00869,7K2B34,2024-01-01,2026-06-30,2026-06-28 09:35:23
E01401,M00870,1X5B24,2024-01-01,,2024-01-08 15:55:32
E01402,M00871,3V4B58,2024-01-01,2026-06-30,2026-07-01 13:24:49
E01403,M00872,7D3A51,2024-01-01,,2023-12-11 12:27:16
E01404,M00873,4F9C63,2024-01-01,2024-04-02,2024-03-14 13:08:55
E01405,M00873,4F9C63,2024-04-08,,2024-04-08 13:32:12
E01406,M00874,2R6A18,2024-01-01,2025-01-04,2025-01-02 12:10:29
E01407,M00874,2R6A18,2025-01-30,,2025-02-01 16:16:07
E01408,M00875,2R6A18,2024-01-01,2024-10-01,2024-09-06 17:53:23
E01409,M00875,2R6A18,2024-10-09,,2024-09-27 15:15:55
E01410,M00876,4N3B62,2024-01-01,,2023-12-26 10:55:58
E01411,M00877,4M7A21,2024-01-01,2024-07-21,2024-07-21 10:24:21
E01412,M00877,4M7A21,2024-07-26,,2024-07-25 10:09:17
E01413,M00878,7L6A25,2024-01-01,2024-05-28,2024-05-28 11:38:04
E01414,M00878,7L6A25,2024-06-01,,2024-07-14 13:45:39
E01415,M00879,7D3A51,2024-01-01,,2023-12-20 10:07:19
E01416,M00880,5P2A46,2024-01-01,2024-06-26,2024-06-20 15:22:51
E01417,M00880,5P7C12,2024-06-27,2024-12-17,2024-11-28 12:57:48
E01418,M00880,5P2A46,2025-01-08,2025-12-31,2026-01-06 15:26:23
E01419,M00880,5Q9D36,2026-01-01,2026-06-30,2025-12-18 11:22:32
E01420,M00881,7K2B34,2024-01-01,2024-02-16,2024-03-14 15:02:42
E01421,M00881,7K2B34,2024-02-26,2026-06-30,2026-06-07 10:38:22
E01422,M00882,8T5D52,2024-01-01,2025-01-31,2025-02-04 07:09:24
E01423,M00882,8U7C14,2025-02-01,,2025-01-22 16:53:40
E01424,M00883,5P2A46,2024-01-01,,2023-12-21 11:15:35
E01425,M00884,4M7A21,2024-01-01,2026-06-30,2026-07-04 15:24:16
E01426,M00885,7K4D09,2024-01-01,2024-05-25,2024-05-29 16:03:17
E01427,M00885,7K4D09,2025-10-18,2025-12-27,2025-12-10 12:58:58
E01428,M00885,7K4D09,2025-12-29,,2025-12-23 11:54:53
E01429,M00886,2R6A18,2024-01-01,,2024-01-11 15:32:13
E01430,M00887,4M7A21,2024-01-01,,2024-01-24 11:12:04
E01431,M00888,2L8D37,2024-01-01,2024-10-06,2024-10-10 15:17:00
E01432,M00888,2L8D37,2024-10-30,,2024-11-30 16:29:00
E01433,M00889,7K2B34,2024-01-01,2024-04-20,2024-04-12 17:52:32
E01434,M00889,7K2B34,2024-05-19,,2024-05-08 10:18:10
E01435,M00890,3W2C61,2024-01-01,,2024-01-06 12:49:48
E01436,M00891,2R6A18,2024-01-01,2024-03-31,2024-04-01 10:33:03
E01437,M00891,2R6A18,2025-08-15,2025-12-21,2025-12-24 11:40:42
E01438,M00892,4F9C63,2024-01-01,,2024-01-02 08:32:26
E01439,M00893,2R9C41,2024-01-01,2024-10-31,2024-11-03 14:13:50
E01440,M00893,2S4D73,2024-11-01,2026-06-30,2024-10-21 18:23:19
E01441,M00894,2R6A18,2024-01-01,,2023-12-11 12:37:10
E01442,M00895,9H3A67,2024-01-01,,2023-12-30 08:12:24
E01443,M00896,4F9C63,2024-01-01,2024-05-06,2024-04-16 10:51:59
E01444,M00896,4F9C63,2024-05-17,,2024-10-14 12:56:34
E01445,M00897,4M7A21,2024-01-01,2024-05-04,2024-04-29 16:06:32
E01446,M00897,4M7A21,2024-05-28,2024-11-07,2024-10-31 12:58:48
E01447,M00897,4M7A21,2024-11-28,,2024-11-13 14:24:10
E01448,M00898,9H6C31,2024-01-01,,2024-06-03 17:40:41
E01449,M00899,8T3B27,2024-01-01,,2023-12-22 15:18:32
E01450,M00900,9H3A67,2024-01-01,2024-10-31,2024-11-05 09:27:29
E01451,M00900,4F9C63,2024-11-01,,2024-10-15 09:30:18
E01452,M00901,2R6A18,2024-01-01,2026-06-30,2026-06-29 12:12:22
E01453,M00902,7K4D09,2024-01-01,2024-06-27,2024-06-16 14:04:40
E01454,M00902,7K4D09,2024-07-21,2024-12-27,2024-12-24 08:36:06
E01455,M00902,7K4D09,2026-04-20,,2026-04-29 12:15:59
E01456,M00903,7K4D09,2024-01-01,2025-08-31,2025-09-06 14:25:20
E01457,M00903,7L6A25,2025-09-01,,2025-08-29 16:53:58
E01458,M00904,5P2A46,2024-01-01,2024-10-31,2024-11-04 15:53:24
E01459,M00904,5Q9D36,2024-11-01,,2024-10-15 15:19:29
E01460,M00905,8T3B27,2024-01-01,,2024-01-08 13:11:11
E01461,M00906,7K2B34,2024-01-01,2024-08-09,2024-08-31 14:09:22
E01462,M00906,7K2B34,2025-07-08,,2025-10-24 17:32:36
E01463,M00907,7K2B34,2024-01-01,2024-04-01,2024-03-25 08:16:49
E01464,M00907,7K2B34,2024-04-05,2024-09-04,2024-08-21 14:31:06
E01465,M00907,7K2B34,2024-12-31,,2024-12-10 16:15:24
E01466,M00908,4M7A21,2024-01-01,,2023-12-18 16:48:58
E01467,M00909,8T3B27,2024-01-01,,2023-12-20 11:21:39
E01468,M00910,4M7A21,2024-01-01,,2024-03-14 08:50:42
E01469,M00911,7K2B34,2024-01-01,2024-03-15,2024-03-10 16:31:43
E01470,M00911,7K2B34,2024-03-21,2025-03-14,2025-03-07 15:46:27
E01471,M00911,7K2B34,2025-03-27,,2025-03-20 17:51:57
E01472,M00912,7K2B34,2024-01-01,,2024-01-01 17:23:55
E01473,M00913,2S4D73,2024-01-01,2024-08-27,2024-08-26 14:51:44
E01474,M00913,2S4D73,2024-09-17,,2024-09-05 16:52:41
E01475,M00914,7K4D09,2024-01-01,,2024-01-05 08:43:28
E01476,M00915,7K4D09,2024-01-01,2024-09-30,2024-10-05 09:45:40
E01477,M00915,7L6A25,2024-10-01,2026-06-30,2024-09-11 09:57:18
E01478,M00916,7D3A51,2024-01-01,,2024-01-07 14:39:43
E01479,M00917,8T3B27,2024-01-01,,2023-12-30 09:00:00
E01480,M00918,1X5B24,2024-01-01,2024-10-08,2024-10-08 13:13:51
E01481,M00918,1X5B24,2026-01-13,,2026-01-06 15:44:40
E01482,M00919,8U7C14,2024-01-01,,2024-02-01 14:23:47
E01483,M00920,3V8D35,2024-01-01,2024-09-07,2024-09-08 13:09:35
E01484,M00920,3V4B58,2024-09-08,2026-06-30,2026-06-17 13:30:25
E01485,M00921,7D3A51,2024-01-01,,2023-12-23 16:13:13
E01486,M00922,7K2B34,2024-01-01,,2024-02-11 16:28:41
E01487,M00923,7D3A51,2024-01-01,,2024-01-04 15:09:31
E01488,M00924,8T3B27,2024-01-01,,2023-12-15 17:29:07
E01489,M00925,3W7A43,2024-01-01,2024-03-24,2024-03-19 17:01:40
E01490,M00925,3W2C61,2024-03-25,2024-12-10,2024-12-15 09:48:27
E01491,M00925,3W7A43,2024-12-11,,2024-11-27 13:46:18
E01492,M00926,9H6C31,2024-01-01,,2024-01-02 11:11:38
E01493,M00927,6J4B71,2024-01-01,2024-05-31,2024-06-05 09:37:11
E01494,M00927,2L8D37,2024-06-01,,2024-05-17 09:05:55
E01495,M00928,7K2B34,2024-01-01,,2023-12-25 13:35:50
E01496,M00929,7K4D09,2024-01-01,,2024-01-04 17:24:31
E01497,M00930,8T3B27,2024-01-01,2024-10-18,2024-10-15 08:59:47
E01498,M00930,8T3B27,2024-10-24,,2024-10-18 15:14:19
E01499,M00931,2R6A18,2024-01-01,,2023-12-22 09:45:54
E01500,M00932,2L8D37,2024-01-01,2024-12-23,2024-12-22 16:47:33
E01501,M00932,2L8D37,2025-01-09,,2025-01-29 16:57:47
E01502,M00933,5Q6B29,2024-01-01,,2023-12-23 13:36:21
E01503,M00934,7K2B34,2024-01-01,,2024-01-13 11:40:05
E01504,M00935,7D3A51,2024-01-01,,2024-05-19 14:33:13
E01505,M00936,4M7A21,2024-01-01,,2023-12-19 17:34:09
E01506,M00937,8T3B27,2024-01-01,2025-03-04,2025-03-05 11:45:05
E01507,M00937,8T3B27,2026-03-06,,2026-03-30 09:36:39
E01508,M00938,3V8D35,2024-01-01,,2023-12-31 10:15:04
E01509,M00939,8T3B27,2024-01-01,2024-06-29,2024-05-30 16:09:50
E01510,M00939,8T3B27,2025-03-30,,2025-05-04 15:07:37
E01511,M00940,3V4B58,2024-01-01,2025-06-30,2025-07-05 11:29:44
E01512,M00940,3W2C61,2025-07-01,,2025-06-16 08:37:25
E01513,M00941,6J4B71,2024-01-01,2024-06-24,2024-06-18 09:39:22
E01514,M00941,6J8D23,2024-06-25,,2024-07-01 12:33:09
E01515,M00942,8T3B27,2024-01-01,,2024-03-31 13:47:43
E01516,M00943,5Q6B29,2024-01-01,2025-01-03,2024-12-28 14:38:37
E01517,M00943,5Q9D36,2025-01-04,,2025-01-10 17:17:38
E01518,M00944,5Q6B29,2024-01-01,2024-08-18,2024-08-08 14:38:47
E01519,M00944,5Q9D36,2024-08-19,2025-04-17,2025-04-18 08:44:59
E01520,M00944,5Q6B29,2025-04-18,2025-12-31,2026-01-05 11:36:10
E01521,M00944,5P2A46,2026-01-01,,2025-12-19 09:06:58
E01522,M00945,6J4B71,2024-01-01,2024-07-17,2024-07-08 09:57:53
E01523,M00945,6J8D23,2024-07-21,2024-09-30,2024-10-03 10:02:53
E01524,M00945,6J4B71,2024-10-01,2026-01-31,2026-02-01 09:16:49
E01525,M00945,2L8D37,2026-02-01,,2026-01-15 16:25:29
E01526,M00946,4M7A21,2024-01-01,2025-11-30,2025-12-02 12:03:41
E01527,M00946,5P2A46,2025-12-01,,2025-11-27 11:24:36
E01528,M00947,7K2B34,2024-01-01,,2023-12-30 13:32:13
E01529,M00948,2R6A18,2024-01-01,,2024-01-24 15:05:24
E01530,M00949,2R6A18,2024-01-01,2024-04-24,2024-05-28 14:10:20
E01531,M00949,2R6A18,2026-01-01,,2026-04-15 10:10:28
E01532,M00950,5P2A46,2024-01-01,2024-09-09,2024-09-12 15:50:14
E01533,M00950,5P7C12,2024-09-10,2025-09-30,2025-10-01 09:31:03
E01534,M00950,1X5B24,2025-10-01,,2025-09-21 08:41:48
E01535,M00951,7K2B34,2024-01-01,2024-02-24,2024-02-29 15:52:54
E01536,M00951,7K2B34,2024-03-19,,2024-03-21 14:05:03
E01537,M00952,9H6C31,2024-01-01,2024-12-28,2025-01-18 09:30:17
E01538,M00952,9H3A67,2024-12-29,,2024-12-20 13:21:12
E01539,M00953,4M7A21,2024-01-01,2025-02-05,2025-02-02 13:30:31
E01540,M00953,4M7A21,2025-03-04,,2025-07-07 16:21:18
E01541,M00954,6J4B71,2024-01-01,2024-07-23,2024-07-21 15:23:42
E01542,M00954,6J8D23,2024-08-02,2024-12-06,2024-11-12 14:26:38
E01543,M00955,4F9C63,2024-01-01,2024-09-21,2024-09-15 08:10:06
E01544,M00955,4F9C63,2024-10-21,,2024-10-21 16:30:22
E01545,M00956,9H6C31,2024-01-01,,2024-01-23 11:15:57
E01546,M00957,8T5D52,2024-01-01,2024-05-13,2024-05-13 14:00:34
E01547,M00957,8T5D52,2024-06-08,,2024-05-18 13:20:31
E01548,M00958,7K2B34,2024-01-01,,2024-01-24 12:58:05
E01549,M00959,3W7A43,2024-01-01,,2024-01-03 17:46:46
E01550,M00960,4M7A21,2024-01-01,,2024-01-03 14:50:18
E01551,M00961,5P2A46,2024-01-01,2024-02-26,2024-02-12 10:07:52
E01552,M00961,5P7C12,2024-02-28,,2024-08-12 11:32:55
E01553,M00962,8T3B27,2024-01-01,,2023-12-17 12:03:19
E01554,M00963,2R6A18,2024-01-01,,2023-12-29 08:58:43
E01555,M00964,4M7A21,2024-01-01,2024-10-31,2024-10-17 10:52:28
E01556,M00964,4M7A21,2024-11-19,,2024-11-09 10:16:26
E01557,M00965,2R9C41,2024-01-01,2024-03-05,2024-03-10 09:13:01
E01558,M00965,2R9C41,2024-09-12,,2024-09-12 11:22:43
E01559,M00966,4M7A21,2024-01-01,2024-09-05,2024-09-09 10:11:37
E01560,M00966,4M7A21,2024-09-27,,2024-09-29 14:55:03
E01561,M00967,8T3B27,2024-01-01,2024-11-08,2024-11-05 09:40:36
E01562,M00967,8T3B27,2024-11-22,,2024-11-13 16:22:44
E01563,M00968,8T3B27,2024-01-01,2024-05-10,2024-05-11 13:25:08
E01564,M00968,8T3B27,2024-05-20,,2024-05-04 17:46:11
E01565,M00969,7K2B34,2024-01-01,,2024-02-05 13:09:54
E01566,M00970,7K2B34,2024-01-01,2024-05-25,2024-05-18 16:45:29
E01567,M00970,7K2B34,2024-05-27,,2024-09-28 09:13:33
E01568,M00971,1X5B24,2024-01-01,,2023-12-12 12:42:46
E01569,M00972,6J4B71,2024-01-01,,2023-12-11 11:11:31
E01570,M00973,7K2B34,2024-01-01,2026-06-30,2026-06-24 17:57:19
E01571,M00974,7D3A51,2024-01-01,2024-02-22,2024-02-15 16:19:13
E01572,M00974,7D3A51,2024-03-09,,2024-04-03 13:34:17
E01573,M00975,8T3B27,2024-01-01,,2023-12-11 15:07:33
E01574,M00976,8T3B27,2024-01-01,2024-08-25,2024-10-07 17:54:25
E01575,M00976,8T3B27,2025-10-10,,2025-10-23 08:03:09
E01576,M00977,7K2B34,2024-01-01,2025-02-05,2025-01-30 14:34:02
E01577,M00977,7K2B34,2026-01-20,,2026-01-27 11:47:32
E01578,M00978,2L8D37,2024-01-01,2024-09-16,2024-09-17 11:30:23
E01579,M00978,2L8D37,2024-09-30,,2024-09-10 15:37:24
E01580,M00979,2R6A18,2024-01-01,,2024-05-30 15:06:14
E01581,M00980,4F9C63,2024-01-01,,2024-01-26 16:52:48
E01582,M00981,6J8D23,2024-01-01,2026-06-30,2026-06-04 13:10:05
E01583,M00982,7K2B34,2024-01-01,2024-06-21,2024-07-23 09:03:03
E01584,M00982,7K2B34,2024-06-25,2025-01-09,2025-01-09 11:22:37
E01585,M00982,7K2B34,2025-01-15,,2025-01-13 16:15:25
E01586,M00983,4F9C63,2024-01-01,,2023-12-24 12:26:29
E01587,M00984,2R6A18,2024-01-01,2024-08-05,2024-08-01 14:46:25
E01588,M00984,2R6A18,2024-08-10,,2024-07-27 15:50:20
E01589,M00985,7K4D09,2024-01-01,2024-05-08,2024-05-10 09:38:38
E01590,M00985,7K4D09,2026-03-27,,2026-03-25 15:51:30
E01591,M00986,4F9C63,2024-01-01,2024-07-28,2024-07-31 13:40:21
E01592,M00986,4F9C63,2024-08-03,2026-06-30,2026-06-09 16:54:35
E01593,M00987,3V4B58,2024-01-01,,2024-01-08 16:48:18
E01594,M00988,7K2B34,2024-01-01,,2024-01-06 12:43:50
E01595,M00989,5P2A46,2024-01-01,2024-12-13,2024-12-18 15:12:47
E01596,M00989,5P7C12,2024-12-14,,2024-11-26 12:30:33
E01597,M00990,9H3A67,2024-01-01,2024-06-08,2024-06-12 17:44:49
E01598,M00990,9H6C31,2024-06-24,2025-03-31,2025-04-03 08:24:27
E01599,M00990,9G4B72,2025-04-01,,2025-03-19 10:45:42
E01600,M00991,8T3B27,2024-01-01,2024-11-10,2024-11-03 13:21:56
E01601,M00991,8T3B27,2024-11-25,,2024-11-07 16:47:49
E01602,M00992,8T3B27,2024-01-01,,2024-01-13 13:38:43
E01603,M00993,8T3B27,2024-01-01,2024-03-29,2024-03-31 12:13:34
E01604,M00993,8T3B27,2025-08-24,2025-12-23,2025-12-20 13:52:50
E01605,M00993,8T3B27,2026-04-17,,2026-04-01 14:40:51
E01606,M00994,4M7A21,2024-01-01,,2023-12-24 12:35:48
E01607,M00995,6J4B71,2024-01-01,2024-04-02,2024-03-08 14:35:42
E01608,M00995,6J8D23,2024-04-03,,2024-04-05 09:24:48
E01609,M00996,8T5D52,2024-01-01,2025-03-02,2025-04-10 08:27:48
E01610,M00996,8T5D52,2025-03-09,2026-06-30,2026-06-24 10:21:01
E01611,M00997,7D3A51,2024-01-01,,2024-01-06 17:30:49
E01612,M00998,2R6A18,2024-01-01,2024-02-20,2024-01-27 10:19:57
E01613,M00998,2R6A18,2024-11-05,,2024-10-30 14:19:03
E01614,M00999,4M7A21,2024-01-01,,2024-04-24 10:47:37
E01615,M01000,1X5B24,2024-01-01,,2024-01-17 16:16:03
E01616,M01001,7K4D09,2024-01-01,,2023-12-21 08:11:32
E01617,M01002,5P7C12,2024-01-01,2025-02-19,2025-02-19 10:40:40
E01618,M01002,5P2A46,2025-02-20,,2025-02-08 17:36:59
E01619,M01003,4M7A21,2024-01-01,2025-03-18,2025-03-13 15:14:18
E01620,M01003,4M7A21,2025-03-27,,2025-03-22 12:28:54
E01621,M01004,2L8D37,2024-01-01,,2023-12-30 15:03:33
E01622,M01005,8T3B27,2024-01-01,2024-03-04,2024-03-02 17:55:10
E01623,M01005,8T3B27,2025-06-05,2025-09-10,2025-08-11 15:10:21
E01624,M01005,8T3B27,2025-10-10,2026-06-30,2026-07-10 11:51:11
E01625,M01006,2R6A18,2024-01-01,2024-05-16,2024-05-20 15:34:15
E01626,M01006,2R6A18,2024-05-24,2026-06-30,2026-06-17 09:40:45
E01627,M01007,7K2B34,2024-01-01,2024-04-17,2024-03-25 13:01:58
E01628,M01007,7K2B34,2024-05-12,,2024-05-17 08:19:47
E01629,M01008,2R6A18,2024-01-01,,2024-01-06 10:18:12
E01630,M01009,3V4B58,2024-01-01,2024-04-17,2024-04-21 08:36:53
E01631,M01009,3V8D35,2024-04-18,,2024-04-17 17:00:26
E01632,M01010,5P2A46,2024-01-01,,2024-01-04 14:45:41
E01633,M01011,5P2A46,2024-01-01,,2023-12-29 15:20:36
E01634,M01012,8T5D52,2024-01-01,2024-03-24,2024-03-20 09:15:48
E01635,M01012,8T5D52,2025-08-03,2025-09-30,2025-09-26 16:50:25
E01636,M01012,8T5D52,2025-10-05,,2025-10-01 15:09:00
E01637,M01013,4M7A21,2024-01-01,2024-04-27,2024-04-19 14:08:32
E01638,M01013,4M7A21,2024-04-29,,2024-05-22 11:22:38
E01639,M01014,5P2A46,2024-01-01,2024-07-27,2024-07-25 12:22:47
E01640,M01014,5P7C12,2024-07-28,,2024-08-15 10:05:37
E01641,M01015,6J4B71,2024-01-01,2024-05-25,2024-05-22 10:51:12
E01642,M01015,6J8D23,2024-05-26,,2024-05-19 10:10:27
E01643,M01016,8T3B27,2024-01-01,2025-11-30,2025-12-01 16:45:15
E01644,M01016,6J8D23,2025-12-01,2026-06-30,2025-11-26 12:48:44
E01645,M01017,5Q9D36,2024-01-01,2026-06-30,2026-07-01 08:06:25
E01646,M01018,4M7A21,2024-01-01,2024-10-18,2024-10-18 14:05:09
E01647,M01018,4M7A21,2024-11-09,2025-07-19,2025-08-22 14:03:06
E01648,M01018,4M7A21,2025-08-03,,2025-08-12 08:55:40
E01649,M01019,2R6A18,2024-01-01,,2023-12-15 14:23:34
E01650,M01020,8T3B27,2024-01-01,,2023-12-13 11:40:46
E01651,M01021,4M7A21,2024-01-01,2024-10-23,2024-10-14 08:32:43
E01652,M01021,4M7A21,2024-11-16,,2024-11-05 16:42:41
E01653,M01022,8T3B27,2024-01-01,2024-07-20,2024-06-25 13:17:42
E01654,M01022,8T3B27,2026-04-29,,2026-05-02 14:07:29
E01655,M01023,7K2B34,2024-01-01,2024-09-22,2024-09-26 17:41:35
E01656,M01023,7K2B34,2024-10-05,,2024-09-24 13:35:51
E01657,M01024,6J8D23,2024-01-01,2024-03-03,2024-02-29 09:30:34
E01658,M01024,6J4B71,2024-03-26,,2024-03-06 11:13:33
E01659,M01025,8T3B27,2024-01-01,,2023-12-18 14:23:09
E01660,M01026,9H3A67,2024-01-01,2024-06-13,2024-06-09 09:14:46
E01661,M01026,9H6C31,2024-06-14,,2024-07-14 11:30:01
E01662,M01027,7K2B34,2024-01-01,,2024-02-01 14:17:50
E01663,M01028,6K5C18,2024-01-01,,2024-01-23 17:24:54
E01664,M01029,7K4D09,2024-01-01,,2023-12-28 15:22:53
E01665,M01030,8T3B27,2024-01-01,2025-03-05,2025-02-27 17:03:34
E01666,M01030,8T3B27,2025-11-27,,2025-11-13 16:58:31
E01667,M01031,3V4B58,2024-01-01,,2024-01-07 08:33:43
E01668,M01032,8T3B27,2024-01-01,2024-09-17,2024-08-20 10:35:32
E01669,M01032,8T3B27,2024-09-30,2024-12-22,2024-12-16 17:42:28
E01670,M01032,8T3B27,2025-01-13,,2024-12-30 15:49:05
E01671,M01033,8T3B27,2024-01-01,2024-06-11,2024-06-08 15:29:03
E01672,M01033,8T3B27,2024-06-14,,2024-06-01 11:14:49
E01673,M01034,2R6A18,2024-01-01,,2024-01-06 08:33:11
E01674,M01035,5P2A46,2024-01-01,2024-06-27,2024-06-25 11:27:11
E01675,M01035,5P7C12,2024-06-28,2025-08-31,2025-09-01 09:02:13
E01676,M01035,1X5B24,2025-09-01,,2025-08-22 14:19:51
E01677,M01036,5P2A46,2024-01-01,2025-03-31,2025-04-06 17:54:17
E01678,M01036,5Q6B29,2025-04-01,,2025-03-25 14:40:05
E01679,M01037,7K2B34,2024-01-01,2024-07-29,2024-08-03 13:22:36
E01680,M01037,7K2B34,2024-08-20,2024-11-29,2024-11-02 14:15:48
E01681,M01037,7K2B34,2024-12-13,,2025-01-25 10:18:35
E01682,M01038,2R6A18,2024-01-01,2024-03-07,2024-02-22 13:55:54
E01683,M01038,2R6A18,2024-03-13,,2024-02-24 09:36:21
E01684,M01039,2L8D37,2024-01-01,2024-08-09,2024-08-10 12:43:19
E01685,M01039,2L8D37,2024-08-12,2025-04-28,2025-04-21 12:30:09
E01686,M01039,2L8D37,2025-05-27,,2025-07-11 08:37:11
E01687,M01040,3V8D35,2024-01-01,2024-10-31,2024-11-02 18:12:42
E01688,M01040,7D3A51,2024-11-01,,2024-10-28 08:36:38
E01689,M01041,3W2C61,2024-01-01,2025-01-04,2024-12-20 14:13:03
E01690,M01041,3W7A43,2025-01-05,,2025-01-04 17:59:12
E01691,M01042,2R6A18,2024-01-01,2024-06-14,2024-06-09 08:09:22
E01692,M01042,2R6A18,2024-07-13,,2024-07-11 16:21:03
E01693,M01043,7K2B34,2024-01-01,,2024-01-04 12:37:33
E01694,M01044,2R6A18,2024-01-01,,2023-12-17 12:34:45
E01695,M01045,5P2A46,2024-01-01,,2023-12-15 16:05:24
E01696,M01046,4M7A21,2024-01-01,,2024-01-06 10:36:47
E01697,M01047,7K2B34,2024-01-01,,2024-01-05 15:59:17
E01698,M01048,2R6A18,2024-01-01,2024-02-16,2024-02-10 13:40:35
E01699,M01048,2R6A18,2024-02-27,,2024-02-24 16:20:09
E01700,M01049,7D3A51,2024-01-01,,2023-12-24 12:55:00
E01701,M01050,4M7A21,2024-01-01,2024-04-26,2024-04-29 15:35:52
E01702,M01050,4M7A21,2024-05-10,2024-09-29,2024-09-29 13:25:03
E01703,M01050,4M7A21,2024-10-01,,2024-09-23 17:12:16
E01704,M01051,2S4D73,2024-01-01,2025-12-31,2026-01-06 09:17:19
E01705,M01051,2R9C41,2026-01-01,,2025-12-15 17:36:32
E01706,M01052,4M7A21,2024-01-01,,2024-01-21 17:07:38
E01707,M01053,6J8D23,2024-01-01,2026-06-30,2026-06-27 10:39:44
E01708,M01054,8T3B27,2024-01-01,2024-06-27,2024-05-29 10:25:32
E01709,M01054,8T3B27,2025-04-24,2025-06-25,2025-06-28 16:16:33
E01710,M01054,8T3B27,2025-07-02,,2025-08-03 13:32:57
E01711,M01055,8T3B27,2024-01-01,2024-09-28,2024-10-02 10:57:53
E01712,M01055,8T3B27,2024-10-04,2025-01-09,2024-12-22 11:37:43
E01713,M01055,8T3B27,2025-02-01,2026-06-30,2026-08-12 11:32:36
E01714,M01056,4M7A21,2024-01-01,,2024-01-25 13:12:12
E01715,M01057,8T3B27,2024-01-01,,2023-12-21 16:37:28
E01716,M01058,8U7C14,2024-01-01,2026-06-30,2026-07-05 11:50:48
E01717,M01059,8T3B27,2024-01-01,2024-08-23,2024-08-18 17:13:38
E01718,M01059,8T3B27,2024-08-24,,2024-08-22 15:37:09
E01719,M01060,4F9C63,2024-01-01,2024-05-20,2024-05-24 12:06:34
E01720,M01060,4F9C63,2024-06-05,2025-01-08,2025-01-05 08:02:27
E01721,M01060,4F9C63,2025-01-20,,2025-01-11 08:49:52
E01722,M01061,2R6A18,2024-01-01,,2024-01-19 16:00:05
E01723,M01062,9H3A67,2024-01-01,2024-06-22,2024-06-14 09:07:47
E01724,M01062,9H6C31,2024-06-23,2024-11-09,2024-11-10 11:34:04
E01725,M01062,9H3A67,2024-11-10,,2024-11-16 11:17:03
E01726,M01063,2R6A18,2024-01-01,,2023-12-17 16:25:27
E01727,M01064,7D3A51,2024-01-01,,2024-02-07 11:25:16
E01728,M01065,4M7A21,2024-01-01,,2023-12-21 11:54:45
E01729,M01066,7D3A51,2024-01-01,,2024-01-19 17:47:04
E01730,M01067,4M7A21,2024-01-01,,2023-12-11 12:51:04
E01731,M01068,5P7C12,2024-01-01,2024-09-02,2024-09-01 16:20:03
E01732,M01068,5P2A46,2024-09-03,,2024-08-24 10:05:06
E01733,M01069,2R6A18,2024-01-01,2024-11-14,2024-11-16 14:13:00
E01734,M01069,2R6A18,2024-11-23,,2024-11-26 15:10:37
E01735,M01070,7K2B34,2024-01-01,,2024-05-02 12:35:02
E01736,M01071,3V8D35,2024-01-01,2024-11-28,2024-11-22 10:56:15
E01737,M01071,3V4B58,2024-11-29,2025-06-30,2025-07-05 14:45:56
E01738,M01071,3W7A43,2025-07-01,,2025-06-19 13:08:37
E01739,M01072,7K2B34,2024-01-01,2024-11-01,2024-10-25 14:19:21
E01740,M01072,7K2B34,2024-11-21,,2024-11-04 12:51:37
E01741,M01073,2R6A18,2024-01-01,,2023-12-27 11:22:24
E01742,M01074,4F9C63,2024-01-01,,2023-12-23 09:06:56
E01743,M01075,4F9C63,2024-01-01,,2023-12-16 09:59:43
E01744,M01076,4N3B62,2024-01-01,2024-04-09,2024-04-07 09:32:26
E01745,M01076,4N3B62,2026-03-06,,2026-04-18 16:33:47
E01746,M01077,8U7C14,2024-01-01,2025-03-31,2025-04-01 13:44:30
E01747,M01077,8T5D52,2025-04-01,,2025-03-25 09:33:27
E01748,M01078,8T3B27,2024-01-01,,2024-01-08 11:25:42
E01749,M01079,8T3B27,2024-01-01,2024-04-02,2024-04-03 08:39:56
E01750,M01079,8T3B27,2024-04-05,2024-08-06,2024-08-03 14:22:23
E01751,M01079,8T3B27,2024-08-13,,2024-07-28 13:38:13
E01752,M01080,7K2B34,2024-01-01,,2024-02-14 08:56:28
E01753,M01081,2R6A18,2024-01-01,2024-08-16,2024-08-19 11:31:30
E01754,M01081,2R6A18,2024-09-11,,2024-09-16 15:49:09
E01755,M01082,6K7A45,2024-01-01,2024-08-11,2024-08-11 12:30:34
E01756,M01082,6K5C18,2024-09-02,2025-03-05,2025-03-05 17:38:34
E01757,M01082,6K7A45,2025-04-03,2026-06-30,2026-07-03 11:12:11
E01758,M01083,7K2B34,2024-01-01,2025-02-03,2025-02-03 12:18:37
E01759,M01083,7K2B34,2025-02-09,,2025-02-05 10:17:06
E01760,M01084,2R6A18,2024-01-01,2024-10-26,2024-10-25 09:30:51
E01761,M01084,2R6A18,2024-11-09,,2024-11-04 11:04:19
E01762,M01085,6K7A45,2024-01-01,2024-11-16,2024-11-13 17:38:35
E01763,M01085,6K5C18,2024-11-17,,2024-12-15 11:30:27
E01764,M01086,2R6A18,2024-01-01,2024-10-05,2024-10-03 17:52:15
E01765,M01086,2R6A18,2024-10-26,,2024-10-21 12:52:03
E01766,M01087,4F9C63,2024-01-01,2026-06-30,2026-06-27 14:19:27
E01767,M01088,4M7A21,2024-01-01,2024-06-29,2024-06-04 11:03:29
E01768,M01088,4M7A21,2024-12-05,,2024-11-15 17:35:11
E01769,M01089,4M7A21,2024-01-01,2024-06-30,2024-06-26 14:06:02
E01770,M01089,4M7A21,2025-10-27,2025-12-22,2025-12-19 10:06:25
E01771,M01089,4M7A21,2026-01-04,,2026-01-27 17:04:12
E01772,M01090,4M7A21,2024-01-01,2024-09-14,2024-09-19 15:24:59
E01773,M01090,4M7A21,2024-10-13,2026-06-30,2026-06-21 13:46:05
E01774,M01091,2R6A18,2024-01-01,2024-09-02,2024-08-12 15:09:46
E01775,M01091,2R6A18,2025-05-03,2025-11-01,2025-11-04 13:11:06
E01776,M01091,2R6A18,2026-03-02,,2026-02-19 12:30:18
E01777,M01092,9G2D54,2024-01-01,2024-06-07,2024-06-12 17:56:15
E01778,M01092,9G4B72,2024-06-30,,2024-10-08 09:43:16
E01779,M01093,2L8D37,2024-01-01,,2024-01-06 10:40:21
E01780,M01094,7K2B34,2024-01-01,,2023-12-18 13:42:53
E01781,M01095,8T5D52,2024-01-01,2024-10-18,2024-11-14 10:51:36
E01782,M01095,8T5D52,2025-06-12,2026-06-30,2026-06-21 16:17:04
E01783,M01096,4M8C16,2024-01-01,,2023-12-15 08:09:18
E01784,M01097,7K2B34,2024-01-01,2026-06-30,2026-06-26 14:31:44
E01785,M01098,4M7A21,2024-01-01,2024-03-29,2024-03-24 10:06:37
E01786,M01098,4M7A21,2024-04-15,,2024-04-17 16:09:51
E01787,M01099,8T3B27,2024-01-01,,2023-12-22 15:36:51
E01788,M01100,2R6A18,2024-01-01,2024-10-29,2024-10-24 15:15:03
E01789,M01100,2R6A18,2024-11-14,2025-03-05,2025-02-07 16:28:31
E01790,M01100,2R6A18,2025-03-28,,2025-03-13 11:01:36
E01791,M01101,6K7A45,2024-01-01,2024-07-03,2024-07-04 15:03:24
E01792,M01101,6K5C18,2024-07-15,,2024-07-14 17:06:37
E01793,M01102,2R9C41,2024-01-01,,2024-01-28 15:39:34
E01794,M01103,7K2B34,2024-01-01,,2023-12-14 12:46:37
E01795,M01104,4N3B62,2024-01-01,2024-11-27,2024-11-21 09:05:55
E01796,M01104,4N3B62,2024-12-16,,2024-12-12 08:36:41
E01797,M01105,4M7A21,2024-01-01,2024-03-14,2024-03-13 16:02:27
E01798,M01105,4M7A21,2024-03-17,2024-05-16,2024-05-13 11:30:55
E01799,M01105,4M7A21,2025-10-02,,2025-09-28 15:50:08
E01800,M01106,4M7A21,2024-01-01,,2023-12-25 12:53:23
E01801,M01107,2R6A18,2024-01-01,2024-04-23,2024-04-14 17:16:00
E01802,M01107,2R6A18,2024-05-07,,2024-06-11 16:50:29
E01803,M01108,7K2B34,2024-01-01,2024-06-25,2024-06-23 11:02:47
E01804,M01108,7K2B34,2024-07-09,,2024-07-08 12:07:31
E01805,M01109,2L8D37,2024-01-01,,2023-12-23 17:42:06
E01806,M01110,2R6A18,2024-01-01,2024-04-21,2024-04-15 17:05:48
E01807,M01110,2R6A18,2024-05-13,,2024-05-20 14:19:31
E01808,M01111,6J8D23,2024-01-01,,2024-01-15 14:46:59
E01809,M01112,2R6A18,2024-01-01,2024-08-29,2024-09-22 15:10:58
E01810,M01112,2R6A18,2024-09-07,2025-06-28,2025-07-03 09:08:34
E01811,M01113,2R6A18,2024-01-01,2026-02-28,2026-03-03 15:00:09
E01812,M01113,3V4B58,2026-03-01,,2026-02-18 07:06:43
E01813,M01114,6J8D23,2024-01-01,2024-03-16,2024-03-16 13:26:54
E01814,M01114,6J4B71,2024-03-27,2026-06-30,2026-07-04 12:43:08
E01815,M01115,7K2B34,2024-01-01,,2024-01-01 14:42:45
E01816,M01116,5Q6B29,2024-01-01,2024-04-18,2024-04-11 16:09:15
E01817,M01116,5Q9D36,2024-04-19,2024-10-17,2024-10-16 10:15:46
E01818,M01116,5Q6B29,2024-10-18,2025-12-31,2026-01-02 16:53:32
E01819,M01116,5P2A46,2026-01-01,,2025-12-17 16:00:19
E01820,M01117,7D3A51,2024-01-01,,2023-12-16 11:17:25
E01821,M01118,9H3A67,2024-01-01,,2023-12-24 14:22:40
E01822,M01119,2R6A18,2024-01-01,2024-04-20,2024-04-19 17:24:41
E01823,M01119,2R6A18,2024-05-07,,2024-07-13 13:13:15
E01824,M01120,2R6A18,2024-01-01,2026-06-30,2026-06-18 09:32:38
E01825,M01121,4M7A21,2024-01-01,,2024-01-23 14:30:54
E01826,M01122,6J4B71,2024-01-01,,2024-01-02 16:35:46
E01827,M01123,2S4D73,2024-01-01,2025-03-20,2025-03-22 10:49:03
E01828,M01123,2S4D73,2025-04-08,2025-10-31,2025-11-05 17:43:46
E01829,M01123,2R9C41,2025-11-01,,2025-10-16 18:36:05
E01830,M01124,7D3A51,2024-01-01,2024-11-21,2024-12-10 16:54:27
E01831,M01124,7D3A51,2024-12-23,,2024-12-07 12:32:34
E01832,M01125,2R6A18,2024-01-01,,2024-01-02 14:32:23
E01833,M01126,9H6C31,2024-01-01,2025-01-13,2025-01-10 17:10:41
E01834,M01126,9H3A67,2025-01-14,2026-02-28,2026-03-06 08:49:10
E01835,M01126,4F9C63,2026-03-01,,2026-02-26 13:15:31
E01836,M01127,9G4B72,2024-01-01,2026-06-30,2026-06-24 10:41:50
E01837,M01128,5P2A46,2024-01-01,2024-10-17,2024-10-18 14:53:47
E01838,M01128,5P7C12,2024-10-18,,2024-10-26 15:03:23
E01839,M01129,1X5B24,2024-01-01,,2023-12-13 11:11:37
E01840,M01130,4M7A21,2024-01-01,,2024-01-14 17:41:10
E01841,M01131,9H6C31,2024-01-01,,2024-02-10 17:46:14
E01842,M01132,8T5D52,2024-01-01,2024-08-08,2024-08-04 14:19:31
E01843,M01132,8T5D52,2024-08-15,,2024-08-21 13:25:04
E01844,M01133,2R6A18,2024-01-01,,2023-12-22 16:00:02
E01845,M01134,8T3B27,2024-01-01,2024-07-08,2024-07-02 11:12:35
E01846,M01134,8T3B27,2024-07-13,,2024-07-06 13:30:06
E01847,M01135,7K2B34,2024-01-01,2025-03-27,2025-03-24 15:07:21
E01848,M01135,7K2B34,2025-04-22,,2025-04-26 08:02:01
E01849,M01136,4M8C16,2024-01-01,,2023-12-30 12:37:33
E01850,M01137,2L8D37,2024-01-01,,2024-01-05 13:29:26
E01851,M01138,7K4D09,2024-01-01,,2024-01-05 12:42:12
E01852,M01139,7K2B34,2024-01-01,,2024-02-03 09:55:41
E01853,M01140,7K2B34,2024-01-01,,2024-02-02 17:47:36
E01854,M01141,2R6A18,2024-01-01,2024-11-06,2024-11-08 14:44:17
E01855,M01141,2R6A18,2024-11-30,,2024-11-26 12:02:49
E01856,M01142,2S4D73,2024-01-01,2024-08-21,2024-08-15 12:41:35
E01857,M01142,2S4D73,2024-08-23,2025-04-18,2025-04-20 08:51:42
E01858,M01142,2S4D73,2025-07-07,2026-01-31,2026-02-01 15:21:28
E01859,M01142,2R9C41,2026-02-01,,2026-01-14 12:29:37
E01860,M01143,7K2B34,2024-01-01,2026-06-30,2026-08-12 10:31:25
E01861,M01144,4M7A21,2024-01-01,,2024-01-10 09:30:25
E01862,M01145,5Q6B29,2024-01-01,,2024-01-06 13:34:57
E01863,M01146,9H6C31,2024-01-01,,2024-01-09 09:28:35
E01864,M01147,3W2C61,2024-01-01,2024-10-11,2024-10-06 10:50:56
E01865,M01147,3W7A43,2024-10-14,2026-06-30,2026-06-30 17:38:09
E01866,M01148,4M7A21,2024-01-01,2025-01-01,2024-12-26 11:21:04
E01867,M01148,4M7A21,2026-04-20,,2026-04-25 12:12:40
E01868,M01149,7K2B34,2024-01-01,2024-09-08,2024-09-01 12:30:25
E01869,M01149,7K2B34,2024-09-20,2025-06-12,2025-06-20 10:50:17
E01870,M01149,7K2B34,2025-06-29,,2025-06-19 10:34:38
E01871,M01150,4M8C16,2024-01-01,,2023-12-13 09:01:14
E01872,M01151,6K7A45,2024-01-01,2024-06-10,2024-06-06 09:39:52
E01873,M01151,6K5C18,2024-06-11,2024-09-25,2024-09-30 11:03:44
E01874,M01151,6K7A45,2024-09-26,2026-02-28,2026-03-03 16:42:32
E01875,M01151,6J8D23,2026-03-01,,2026-02-14 15:19:19
E01876,M01152,7K2B34,2024-01-01,2024-06-05,2024-06-08 15:52:53
E01877,M01152,7K2B34,2024-09-14,,2024-08-28 16:45:43
E01878,M01153,7K2B34,2024-01-01,2024-05-23,2024-05-01 17:37:36
E01879,M01153,7K2B34,2024-12-03,2025-05-03,2025-05-08 08:25:12
E01880,M01153,7K2B34,2025-05-25,,2025-05-04 17:42:06
E01881,M01154,4M7A21,2024-01-01,2024-02-25,2024-03-16 11:24:43
E01882,M01154,4M7A21,2025-05-07,,2025-07-03 17:30:41
E01883,M01155,4M8C16,2024-01-01,2025-03-22,2025-03-25 08:12:47
E01884,M01155,4M8C16,2025-04-14,2026-02-28,2026-03-03 13:32:54
E01885,M01155,4N3B62,2026-03-01,,2026-02-20 07:52:22
E01886,M01156,4M7A21,2024-01-01,,2023-12-21 11:56:51
E01887,M01157,6J4B71,2024-01-01,2026-06-30,2026-06-26 16:30:12
E01888,M01158,2L8D37,2024-01-01,,2024-01-09 16:00:29
E01889,M01159,4M7A21,2024-01-01,2024-05-17,2024-05-21 10:19:28
E01890,M01159,4M7A21,2024-11-06,2026-06-30,2026-06-23 16:24:57
E01891,M01160,4M8C16,2024-01-01,,2024-02-21 11:04:00
E01892,M01161,4M7A21,2024-01-01,,2023-12-12 09:37:52
E01893,M01162,9H6C31,2024-01-01,2024-07-18,2024-07-05 11:32:43
E01894,M01162,9H3A67,2024-07-19,,2024-08-20 15:53:26
E01895,M01163,8T3B27,2024-01-01,,2023-12-21 08:17:47
E01896,M01164,3V8D35,2024-01-01,2024-04-22,2024-04-17 14:44:39
E01897,M01164,3V4B58,2024-04-23,,2024-05-27 14:31:04
E01898,M01165,4M7A21,2024-01-01,2024-06-03,2024-05-29 16:08:17
E01899,M01165,4M7A21,2024-11-30,,2024-11-13 15:11:55
E01900,M01166,4M7A21,2024-01-01,2024-07-25,2024-07-14 13:32:51
E01901,M01166,4M7A21,2024-08-14,,2024-07-27 17:39:08
E01902,M01167,7K2B34,2024-01-01,2025-03-30,2025-04-04 17:51:58
E01903,M01167,7K2B34,2025-05-07,,2025-04-18 17:30:40
E01904,M01168,6J8D23,2024-01-01,2024-05-09,2024-05-11 08:44:28
E01905,M01168,6J4B71,2024-10-06,,2024-09-27 14:54:30
E01906,M01169,2R6A18,2024-01-01,2024-05-31,2024-06-02 11:56:41
E01907,M01169,2R6A18,2024-06-17,2025-04-14,2025-05-01 17:57:40
E01908,M01169,2R6A18,2025-05-11,,2025-09-03 12:38:56
E01909,M01170,2R6A18,2024-01-01,,2023-12-20 15:59:55
E01910,M01171,7K2B34,2024-01-01,,2023-12-11 12:28:01
E01911,M01172,2R6A18,2024-01-01,,2023-12-19 08:22:33
E01912,M01173,7D3A51,2024-01-01,,2023-12-19 11:00:29
E01913,M01174,7K2B34,2024-01-01,2026-06-30,2026-06-15 11:44:40
E01914,M01175,8U7C14,2024-01-01,2025-08-31,2025-09-01 09:43:21
E01915,M01175,8T5D52,2025-09-01,,2025-08-25 16:59:17
E01916,M01176,7K2B34,2024-01-01,2024-07-08,2024-07-05 17:28:21
E01917,M01176,7K2B34,2024-08-05,,2024-07-15 16:48:43
E01918,M01177,7K2B34,2024-01-01,2024-08-29,2024-07-31 16:44:01
E01919,M01177,7K2B34,2024-09-23,,2024-10-05 10:49:17
E01920,M01178,7L6A25,2024-01-01,,2023-12-24 13:53:59
E01921,M01179,7K2B34,2024-01-01,2024-08-05,2024-08-09 13:15:07
E01922,M01179,7K2B34,2024-12-12,,2024-11-21 13:32:10
E01923,M01180,7K4D09,2024-01-01,2025-03-31,2025-04-05 12:03:04
E01924,M01180,7L6A25,2025-04-01,2026-06-30,2025-03-23 11:51:32
E01925,M01181,8T3B27,2024-01-01,,2023-12-17 12:56:54
E01926,M01182,4N3B62,2024-01-01,2025-01-10,2025-01-08 08:00:05
E01927,M01182,4N3B62,2025-01-12,,2025-01-07 14:22:18
E01928,M01183,2R6A18,2024-01-01,2025-03-09,2025-03-08 12:14:51
E01929,M01183,2R6A18,2025-11-10,,2025-11-10 17:00:45
E01930,M01184,7K2B34,2024-01-01,,2024-01-07 11:13:47
E01931,M01185,4M7A21,2024-01-01,,2023-12-16 16:54:24
E01932,M01186,2R6A18,2024-01-01,,2024-02-10 08:42:30
E01933,M01187,2R6A18,2024-01-01,2025-03-11,2025-03-16 10:15:56
E01934,M01187,2R6A18,2025-07-27,,2025-09-06 09:36:19
E01935,M01188,8T3B27,2024-01-01,2024-07-31,2024-08-05 10:59:41
E01936,M01188,6J8D23,2024-08-01,,2024-07-15 15:47:08
E01937,M01189,7K2B34,2024-01-01,2024-11-20,2024-11-22 10:56:14
E01938,M01189,7K2B34,2024-12-05,,2024-11-27 09:02:14
E01939,M01190,7K2B34,2024-01-01,,2024-01-07 12:59:13
E01940,M01191,7K2B34,2024-01-01,2026-06-30,2026-06-29 08:32:23
E01941,M01192,2R6A18,2024-01-01,2026-06-30,2026-06-24 14:48:01
E01942,M01193,4M7A21,2024-01-01,2024-07-27,2024-07-29 09:28:36
E01943,M01193,4M7A21,2024-08-05,2024-10-05,2024-09-29 11:43:30
E01944,M01194,1X5B24,2024-01-01,2024-03-03,2024-02-26 17:43:46
E01945,M01194,1X5B24,2024-10-21,,2024-10-22 11:32:28
E01946,M01195,3W2C61,2024-01-01,,2024-01-02 13:18:55
E01947,M01196,7K2B34,2024-01-01,2025-03-06,2025-03-03 14:09:52
E01948,M01196,7K2B34,2025-03-09,2026-06-30,2026-06-02 10:45:01
E01949,M01197,7K4D09,2024-01-01,2024-05-31,2024-06-03 14:55:11
E01950,M01197,7L6A25,2024-06-01,,2024-05-13 17:44:09
E01951,M01198,5P2A46,2024-01-01,2024-05-02,2024-05-07 10:21:57
E01952,M01198,5P7C12,2024-05-03,,2024-04-15 14:47:05
E01953,M01199,9H3A67,2024-01-01,2024-08-11,2024-08-12 15:39:56
E01954,M01199,9H6C31,2024-08-12,,2024-08-19 12:15:38
E01955,M01200,4M7A21,2024-01-01,,2024-02-15 10:46:21
E01956,M01201,4N3B62,2024-01-01,2024-03-12,2024-03-16 14:15:45
E01957,M01201,4N3B62,2024-04-06,2024-11-08,2024-11-11 14:47:47
E01958,M01201,4N3B62,2025-10-16,,2025-10-17 17:16:12
E01959,M01202,4F9C63,2024-01-01,2026-06-30,2026-06-19 16:49:48
E01960,M01203,2R6A18,2024-01-01,2024-10-10,2024-10-09 12:53:46
E01961,M01203,2R9C41,2024-10-11,,2024-10-27 12:33:32
E01962,M01204,3V8D35,2024-01-01,,2024-01-06 13:32:02
E01963,M01205,8T3B27,2024-01-01,,2023-12-13 13:39:58
E01964,M01206,7L6A25,2024-01-01,2024-06-30,2024-07-05 15:40:01
E01965,M01206,9G2D54,2024-07-01,,2024-06-20 17:22:50
E01966,M01207,7K2B34,2024-01-01,2026-06-30,2026-07-03 10:05:15
E01967,M01208,7K2B34,2024-01-01,2024-03-30,2024-03-31 12:07:09
E01968,M01208,7K2B34,2024-04-21,2024-09-02,2024-09-04 13:39:23
E01969,M01208,7K2B34,2024-09-12,,2024-10-21 10:47:51
E01970,M01209,7K2B34,2024-01-01,,2023-12-16 16:06:10
E01971,M01210,9H3A67,2024-01-01,2024-05-02,2024-04-08 08:20:58
E01972,M01210,9H6C31,2024-05-18,,2024-05-24 10:46:10
E01973,M01211,4M7A21,2024-01-01,2024-09-20,2024-09-11 11:33:40
E01974,M01211,4M7A21,2024-10-17,2025-06-13,2025-06-18 09:20:00
E01975,M01211,4M7A21,2025-06-20,,2025-06-15 10:41:37
E01976,M01212,4M7A21,2024-01-01,,2023-12-15 10:23:25
E01977,M01213,7K2B34,2024-01-01,2024-04-04,2024-04-08 12:48:22
E01978,M01213,7K2B34,2024-04-06,,2024-03-18 12:55:28
E01979,M01214,7K2B34,2024-01-01,,2024-01-24 17:25:08
E01980,M01215,4M7A21,2024-01-01,,2023-12-11 16:46:04
E01981,M01216,4N3B62,2024-01-01,2024-05-13,2024-05-13 12:21:28
E01982,M01216,4N3B62,2024-06-04,,2024-06-08 14:03:53
E01983,M01217,4M8C16,2024-01-01,,2024-01-08 09:10:58
E01984,M01218,8T3B27,2024-01-01,2024-11-12,2024-11-05 16:40:04
E01985,M01218,8T3B27,2025-05-20,,2025-06-09 11:39:59
E01986,M01219,2R6A18,2024-01-01,,2023-12-23 14:46:53
E01987,M01220,7K2B34,2024-01-01,,2024-01-04 10:10:56
E01988,M01221,2R6A18,2024-01-01,,2024-01-01 12:11:43
E01989,M01222,8T3B27,2024-01-01,2024-11-22,2024-10-25 10:40:54
E01990,M01222,8T3B27,2026-02-06,2026-06-30,2026-07-04 16:02:11
E01991,M01223,6J4B71,2024-01-01,2026-06-30,2026-06-25 09:17:27
E01992,M01224,2L8D37,2024-01-01,2025-02-24,2025-02-15 12:48:14
E01993,M01224,2L8D37,2025-03-17,,2025-03-23 11:12:36
E01994,M01225,8T5D52,2024-01-01,,2024-01-15 13:11:56
E01995,M01226,2R6A18,2024-01-01,,2023-12-12 13:16:52
E01996,M01227,7D3A51,2024-01-01,2026-06-30,2026-07-05 16:27:33
E01997,M01228,4M7A21,2024-01-01,,2023-12-30 14:49:08
E01998,M01229,1X5B24,2024-01-01,2024-12-05,2024-11-22 10:21:52
E01999,M01229,1X5B24,2025-02-06,,2025-01-21 09:20:45
E02000,M01230,2R6A18,2024-01-01,,2024-02-05 17:19:18
E02001,M01231,4N3B62,2024-01-01,2024-08-08,2024-08-12 10:12:17
E02002,M01231,4N3B62,2024-08-30,2025-06-30,2025-07-06 08:27:23
E02003,M01231,4M8C16,2025-07-01,,2025-06-23 11:27:44
E02004,M01232,6J8D23,2024-01-01,2024-06-25,2024-06-02 09:57:24
E02005,M01232,6J4B71,2024-09-19,2025-06-19,2025-06-10 10:08:51
E02006,M01232,6J8D23,2025-06-20,,2025-06-07 16:38:14
E02007,M01233,5P2A46,2024-01-01,2024-08-31,2024-09-03 08:31:41
E02008,M01233,5Q9D36,2024-09-01,,2024-08-16 18:18:38
E02009,M01234,4M7A21,2024-01-01,,2023-12-15 10:16:17
E02010,M01235,8U7C14,2024-01-01,,2024-01-10 16:03:45
E02011,M01236,2R9C41,2024-01-01,,2024-01-03 11:58:13
E02012,M01237,4M7A21,2024-01-01,2025-01-24,2025-01-17 11:03:32
E02013,M01237,4M7A21,2025-01-28,,2025-01-14 14:51:21
E02014,M01238,7K4D09,2024-01-01,,2023-12-21 10:51:20
E02015,M01239,2R6A18,2024-01-01,,2023-12-28 09:30:57
E02016,M01240,7K4D09,2024-01-01,2025-02-15,2025-02-11 11:10:44
E02017,M01240,7K4D09,2025-02-23,,2025-02-09 17:41:27
E02018,M01241,2R9C41,2024-01-01,2024-04-17,2024-04-22 13:35:28
E02019,M01241,2R9C41,2026-02-23,2026-04-27,2026-04-22 11:49:46
E02020,M01241,2R9C41,2026-05-03,,2026-06-01 13:41:45
E02021,M01242,7K2B34,2024-01-01,2026-06-30,2026-06-28 11:40:30
E02022,M01243,4M7A21,2024-01-01,,2023-12-28 10:55:09
E02023,M01244,2R6A18,2024-01-01,,2024-02-10 15:34:56
E02024,M01245,2L8D37,2024-01-01,2024-11-19,2024-10-22 16:54:14
E02025,M01246,4M7A21,2024-01-01,,2023-12-20 11:17:42
E02026,M01247,5P2A46,2024-01-01,2024-05-18,2024-05-22 11:55:42
E02027,M01247,5P7C12,2024-05-19,,2024-05-01 11:34:36
E02028,M01248,6J4B71,2024-01-01,2024-10-28,2024-09-29 15:37:02
E02029,M01248,6J8D23,2024-10-29,,2024-11-08 10:20:36
E02030,M01249,6J8D23,2024-01-01,2024-04-26,2024-04-19 09:18:06
E02031,M01249,6J4B71,2024-04-27,2024-11-26,2024-11-24 16:07:29
E02032,M01250,2R6A18,2024-01-01,2024-10-14,2024-10-22 12:43:00
E02033,M01250,2R6A18,2024-10-31,2026-06-30,2026-06-07 16:06:39
E02034,M01251,8T3B27,2024-01-01,2024-05-09,2024-05-14 14:59:46
E02035,M01251,8T3B27,2024-06-04,2024-12-31,2025-01-25 14:59:42
E02036,M01251,8T3B27,2025-01-17,,2024-12-29 15:33:57
E02037,M01252,4M7A21,2024-01-01,,2024-01-05 13:33:50
E02038,M01253,2L8D37,2024-01-01,2024-03-03,2024-04-15 11:24:48
E02039,M01253,2L8D37,2024-03-27,,2024-04-06 13:56:04
E02040,M01254,9H6C31,2024-01-01,,2024-01-04 08:15:15
E02041,M01255,3V4B58,2024-01-01,,2024-01-02 16:36:26
E02042,M01256,4M7A21,2024-01-01,2024-06-27,2024-07-01 16:57:34
E02043,M01256,4M7A21,2024-07-16,2025-04-05,2025-04-02 09:37:17
E02044,M01256,4M7A21,2025-04-21,,2025-04-26 15:42:50
E02045,M01257,4M7A21,2024-01-01,,2023-12-14 17:32:57
E02046,M01258,6J8D23,2024-01-01,,2023-12-30 15:51:39
E02047,M01259,7K2B34,2024-01-01,,2023-12-17 09:40:49
E02048,M01260,4M7A21,2024-01-01,2024-12-23,2024-12-13 12:20:19
E02049,M01260,4M7A21,2025-07-24,,2025-07-06 13:44:45
E02050,M01261,8T3B27,2024-01-01,2024-02-19,2024-02-16 11:31:52
E02051,M01261,8T3B27,2024-02-27,2025-01-06,2025-01-02 13:56:25
E02052,M01261,8T3B27,2025-02-03,2025-09-30,2025-10-06 07:32:05
E02053,M01261,6J8D23,2025-10-01,,2025-09-17 16:42:16
E02054,M01262,4M7A21,2024-01-01,,2023-12-24 09:53:46
E02055,M01263,7K4D09,2024-01-01,,2024-01-05 16:43:01
E02056,M01264,8T3B27,2024-01-01,2024-07-19,2024-07-08 12:47:45
E02057,M01264,8T3B27,2024-07-26,2025-05-03,2025-05-04 10:10:56
E02058,M01264,8T3B27,2025-11-18,2026-06-30,2026-06-14 15:24:36
E02059,M01265,4M7A21,2024-01-01,,2024-01-18 10:04:52
E02060,M01266,2L8D37,2024-01-01,,2024-01-08 14:01:43
E02061,M01267,8T3B27,2024-01-01,2024-12-21,2025-01-06 11:13:39
E02062,M01267,8T3B27,2025-01-15,,2025-01-04 12:01:01
E02063,M01268,8T3B27,2024-01-01,2025-01-16,2025-01-17 11:16:20
E02064,M01268,8T3B27,2025-02-03,,2025-03-15 10:29:17
E02065,M01269,6J8D23,2024-01-01,2024-02-27,2024-02-26 12:24:32
E02066,M01269,6J4B71,2024-09-22,2025-07-31,2025-08-04 17:11:19
E02067,M01269,2L8D37,2025-08-01,,2025-07-25 11:08:54
E02068,M01270,5P2A46,2024-01-01,,2024-01-24 08:20:12
E02069,M01271,8T3B27,2024-01-01,,2023-12-29 14:47:04
E02070,M01272,7K2B34,2024-01-01,2025-03-13,2025-03-15 14:46:02
E02071,M01272,7K2B34,2025-11-19,,2026-03-31 13:19:42
E02072,M01273,9H3A67,2024-01-01,2024-03-24,2024-02-25 12:48:04
E02073,M01273,9H6C31,2024-03-25,,2024-04-04 17:29:35
E02074,M01274,2R6A18,2024-01-01,2024-11-14,2024-12-11 14:53:12
E02075,M01274,2R6A18,2024-12-07,,2024-11-23 08:24:21
E02076,M01275,7K2B34,2024-01-01,2025-03-25,2025-03-29 15:54:50
E02077,M01275,7K2B34,2025-03-30,,2025-03-30 08:29:13
E02078,M01276,5P2A46,2024-01-01,,2024-02-23 09:16:07
E02079,M01277,5P7C12,2024-01-01,2024-07-27,2024-07-26 16:02:22
E02080,M01277,5P2A46,2024-07-28,,2024-09-09 13:45:41
E02081,M01278,2R9C41,2024-01-01,2024-05-15,2024-06-20 17:40:41
E02082,M01278,2R9C41,2024-05-28,2025-02-09,2025-02-09 17:14:24
E02083,M01278,2R9C41,2025-02-20,2026-06-30,2026-06-13 09:38:42
E02084,M01279,3V8D35,2024-01-01,2024-05-11,2024-05-16 08:47:07
E02085,M01279,3V4B58,2024-05-12,2025-01-15,2025-01-14 10:01:48
E02086,M01279,3V8D35,2025-01-16,2026-06-30,2026-06-05 10:19:05
E02087,M01280,9H3A67,2024-01-01,2024-11-25,2024-11-21 13:57:02
E02088,M01280,9H6C31,2024-11-26,2025-02-28,2025-03-04 11:54:57
E02089,M01280,9G4B72,2025-03-01,,2025-02-13 11:31:03
E02090,M01281,5Q6B29,2024-01-01,,2023-12-14 13:56:06
E02091,M01282,7K2B34,2024-01-01,2025-02-01,2025-02-04 08:38:36
E02092,M01282,7K2B34,2025-03-01,,2025-02-15 11:15:29
E02093,M01283,4M8C16,2024-01-01,2024-07-17,2024-07-11 11:31:54
E02094,M01283,4M7A21,2024-08-15,,2024-08-12 10:17:02
E02095,M01284,8T3B27,2024-01-01,,2023-12-28 16:27:02
E02096,M01285,1X5B24,2024-01-01,,2023-12-22 15:15:56
E02097,M01286,7K2B34,2024-01-01,2024-08-21,2024-08-14 09:54:24
E02098,M01286,7K2B34,2025-02-22,,2025-02-13 13:26:34
E02099,M01287,8T3B27,2024-01-01,2024-10-24,2024-10-20 13:43:04
E02100,M01287,8T3B27,2024-11-23,,2024-12-19 10:23:56
E02101,M01288,8T3B27,2024-01-01,2026-06-30,2026-06-11 16:36:11
E02102,M01289,2R9C41,2024-01-01,2024-03-31,2024-04-05 11:20:09
E02103,M01289,2S4D73,2024-04-01,2026-06-30,2024-03-15 07:44:05
E02104,M01290,2L8D37,2024-01-01,,2023-12-19 17:05:48
E02105,M01291,8T3B27,2024-01-01,,2024-01-20 09:58:50
E02106,M01292,9H3A67,2024-01-01,2025-10-31,2025-11-02 17:11:51
E02107,M01292,4F9C63,2025-11-01,,2025-10-21 09:20:56
E02108,M01293,1X5B24,2024-01-01,,2024-04-20 14:21:02
E02109,M01294,2R9C41,2024-01-01,2024-04-10,2024-04-05 17:13:42
E02110,M01294,2R9C41,2024-12-13,2025-10-31,2025-11-04 08:00:46
E02111,M01294,2S4D73,2025-11-01,,2025-10-23 17:00:24
E02112,M01295,4M7A21,2024-01-01,2024-11-10,2024-11-06 16:55:29
E02113,M01295,4M7A21,2024-11-30,,2024-12-15 17:38:41
E02114,M01296,8T3B27,2024-01-01,2024-10-17,2024-10-21 10:50:41
E02115,M01296,8T3B27,2024-11-12,2025-06-18,2025-06-14 16:31:41
E02116,M01296,8T3B27,2026-05-14,2026-06-30,2026-07-01 16:49:33
E02117,M01297,8T3B27,2024-01-01,,2024-01-31 11:24:39
E02118,M01298,6J4B71,2024-01-01,2024-07-16,2024-07-14 16:17:53
E02119,M01298,6J8D23,2024-07-17,2024-11-22,2024-11-26 09:02:27
E02120,M01298,6J4B71,2024-11-23,,2024-11-21 14:01:16
E02121,M01299,8T3B27,2024-01-01,,2023-12-15 16:48:41
E02122,M01300,2R6A18,2024-01-01,,2023-12-31 12:03:48
E02123,M01301,7K2B34,2024-01-01,2024-10-07,2024-10-09 09:52:45
E02124,M01301,7K2B34,2024-11-03,,2024-10-22 11:10:59
E02125,M01302,3V4B58,2024-01-01,2025-01-07,2024-12-20 14:41:34
E02126,M01302,3V8D35,2025-01-08,,2025-03-16 15:21:56
E02127,M01303,2R6A18,2024-01-01,2026-06-30,2026-07-30 16:31:34
E02128,M01304,2L8D37,2024-01-01,2024-03-19,2024-03-23 10:19:57
E02129,M01304,2L8D37,2024-04-14,,2024-03-29 11:16:47
E02130,M01305,9G4B72,2024-01-01,2024-08-04,2024-08-04 16:08:24
E02131,M01305,9G2D54,2024-08-05,2025-01-08,2025-01-03 11:54:01
E02132,M01305,9G4B72,2025-01-09,2026-06-30,2026-06-28 08:05:04
E02133,M01306,4M7A21,2024-01-01,,2023-12-22 15:03:44
E02134,M01307,4M7A21,2024-01-01,,2024-01-05 17:42:44
E02135,M01308,2R6A18,2024-01-01,,2024-05-31 13:01:24
E02136,M01309,7K2B34,2024-01-01,2024-07-08,2024-07-04 15:13:52
E02137,M01309,7K2B34,2024-07-16,2025-05-11,2025-05-12 14:42:58
E02138,M01310,4F9C63,2024-01-01,,2024-01-02 09:04:14
E02139,M01311,4M7A21,2024-01-01,,2023-12-21 11:33:47
E02140,M01312,4M7A21,2024-01-01,,2024-01-03 09:16:36
E02141,M01313,7K2B34,2024-01-01,2024-12-12,2024-12-08 15:42:58
E02142,M01313,7K2B34,2025-01-03,,2025-01-07 16:04:32
E02143,M01314,9G2D54,2024-01-01,,2024-01-08 09:39:27
E02144,M01315,2R6A18,2024-01-01,,2023-12-29 12:06:56
E02145,M01316,4M7A21,2024-01-01,2025-01-08,2025-01-08 08:56:51
E02146,M01316,4M7A21,2026-03-30,,2026-04-24 17:46:21
E02147,M01317,7L6A25,2024-01-01,2026-01-31,2026-02-01 08:48:59
E02148,M01317,9G2D54,2026-02-01,,2026-01-28 16:03:32
E02149,M01318,7K2B34,2024-01-01,,2023-12-24 11:29:43
E02150,M01319,2R6A18,2024-01-01,,2024-02-13 13:46:41
E02151,M01320,8T3B27,2024-01-01,2024-05-06,2024-04-14 13:57:33
E02152,M01320,8T3B27,2024-05-14,2025-07-31,2025-08-01 12:48:31
E02153,M01320,6J8D23,2025-08-01,2026-06-30,2025-07-24 08:28:47
E02154,M01321,7K2B34,2024-01-01,2024-09-29,2024-10-01 11:40:27
E02155,M01321,7K2B34,2024-10-08,,2024-10-27 15:54:10
E02156,M01322,4M7A21,2024-01-01,2026-06-30,2026-06-23 14:40:54
E02157,M01323,4F9C63,2024-01-01,,2024-01-15 15:57:50
E02158,M01324,5P2A46,2024-01-01,2025-01-31,2025-02-04 17:34:55
E02159,M01324,5Q9D36,2025-02-01,,2025-01-16 09:52:10
E02160,M01325,4M8C16,2024-01-01,2024-09-30,2024-10-02 07:50:00
E02161,M01325,4N3B62,2024-10-01,,2024-09-20 16:15:55
E02162,M01326,8T3B27,2024-01-01,,2024-01-11 14:32:48
E02163,M01327,7K2B34,2024-01-01,,2024-01-17 15:16:27
E02164,M01328,2S4D73,2024-01-01,,2023-12-30 10:30:06
E02165,M01329,7D3A51,2024-01-01,,2024-02-07 13:39:49
E02166,M01330,2R6A18,2024-01-01,,2024-01-04 15:22:40
E02167,M01331,8T3B27,2024-01-01,2024-03-10,2024-03-03 11:58:56
E02168,M01331,8T3B27,2024-04-08,,2024-04-18 09:05:48
E02169,M01332,7K2B34,2024-01-01,,2023-12-30 15:29:57
E02170,M01333,3W7A43,2024-01-01,2024-05-13,2024-05-13 10:19:26
E02171,M01333,3W2C61,2024-05-23,2025-01-15,2025-01-07 11:08:30
E02172,M01333,3W7A43,2025-01-16,,2025-01-19 13:49:01
E02173,M01334,4M7A21,2024-01-01,2024-05-11,2024-05-13 10:24:50
E02174,M01334,4M7A21,2024-05-21,2024-07-13,2024-07-10 17:04:22
E02175,M01334,4M7A21,2024-07-15,2026-06-30,2026-08-05 10:29:19
E02176,M01335,4M7A21,2024-01-01,,2024-02-08 16:36:04
E02177,M01336,4M7A21,2024-01-01,,2023-12-11 15:45:23
E02178,M01337,2L8D37,2024-01-01,2024-07-18,2024-07-11 14:33:42
E02179,M01337,2L8D37,2024-07-20,,2024-07-21 12:40:25
E02180,M01338,2S4D73,2024-01-01,,2024-01-08 08:27:42
E02181,M01339,9H3A67,2024-01-01,2024-02-27,2024-03-02 16:42:53
E02182,M01339,9H6C31,2024-03-15,,2024-03-16 16:20:55
E02183,M01340,4M7A21,2024-01-01,,2023-12-17 10:46:42
E02184,M01341,8T3B27,2024-01-01,2024-03-13,2024-03-08 12:46:13
E02185,M01341,8T3B27,2024-03-26,,2024-03-16 16:00:53
E02186,M01342,4M8C16,2024-01-01,2024-03-10,2024-03-09 09:34:27
E02187,M01342,4M8C16,2024-03-16,,2024-03-28 12:07:12
E02188,M01343,7D3A51,2024-01-01,2024-02-29,2024-03-08 17:51:18
E02189,M01343,7D3A51,2024-03-20,2024-06-16,2024-06-02 09:43:54
E02190,M01343,7D3A51,2024-06-28,,2024-08-29 08:24:29
E02191,M01344,7K2B34,2024-01-01,2026-06-30,2026-07-01 09:46:34
E02192,M01345,5P7C12,2024-01-01,,2024-01-07 08:34:19
E02193,M01346,2R6A18,2024-01-01,,2024-02-28 13:31:30
E02194,M01347,4M8C16,2024-01-01,2025-01-31,2025-02-03 17:10:13
E02195,M01347,4N3B62,2025-02-01,,2025-01-17 18:18:51
E02196,M01348,8T3B27,2024-01-01,2024-09-15,2024-09-18 08:00:06
E02197,M01348,8T3B27,2024-10-10,,2024-10-12 16:54:56
E02198,M01349,2R6A18,2024-01-01,2026-06-30,2026-07-22 11:31:48
E02199,M01350,4M7A21,2024-01-01,,2024-03-28 17:03:47
E02200,M01351,8T3B27,2024-01-01,,2024-01-29 13:46:11
E02201,M01352,2R9C41,2024-01-01,2024-04-30,2024-05-03 09:57:47
E02202,M01352,2S4D73,2024-05-01,2024-08-28,2024-04-11 08:10:44
E02203,M01353,4M7A21,2024-01-01,2024-11-23,2024-11-25 15:20:05
E02204,M01353,4M7A21,2025-06-16,,2025-06-01 11:22:02
E02205,M01354,4M7A21,2024-01-01,,2024-01-08 09:48:45
E02206,M01355,4M7A21,2024-01-01,2026-06-30,2026-06-30 16:43:59
E02207,M01356,4F9C63,2024-01-01,2024-05-28,2024-06-02 10:03:45
E02208,M01356,4F9C63,2024-08-01,,2024-07-28 16:36:59
E02209,M01357,4M7A21,2024-01-01,,2023-12-19 09:13:09
E02210,M01358,8T3B27,2024-01-01,2026-06-30,2026-06-02 08:21:37
E02211,M01359,1X5B24,2024-01-01,,2023-12-31 08:24:07
E02212,M01360,7K2B34,2024-01-01,,2024-01-05 12:08:29
E02213,M01361,2R6A18,2024-01-01,,2024-02-12 13:12:01
E02214,M01362,7D3A51,2024-01-01,2024-08-12,2024-08-10 13:21:06
E02215,M01362,7D3A51,2024-08-15,2024-11-12,2024-11-10 15:56:52
E02216,M01363,2R6A18,2024-01-01,,2023-12-30 16:20:00
E02217,M01364,4M8C16,2024-01-01,,2024-03-04 08:55:43
E02218,M01365,4F9C63,2024-01-01,2024-04-13,2024-05-05 16:53:22
E02219,M01365,4F9C63,2025-10-31,2025-12-25,2025-12-18 08:03:02
E02220,M01365,4F9C63,2026-01-22,2026-06-30,2026-06-23 10:21:47
E02221,M01366,8T3B27,2024-01-01,2024-09-15,2024-09-17 12:48:15
E02222,M01366,8T3B27,2025-06-09,2025-12-10,2025-11-17 13:19:40
E02223,M01366,8T3B27,2025-12-20,,2025-12-11 09:17:31
E02224,M01367,8T3B27,2024-01-01,2024-07-16,2024-07-09 09:46:26
E02225,M01367,8T3B27,2024-08-15,2025-02-27,2025-02-28 10:27:20
E02226,M01367,8T3B27,2026-01-31,,2026-01-24 17:49:46
E02227,M01368,6J4B71,2024-01-01,2024-09-30,2024-10-01 12:59:00
E02228,M01368,2L8D37,2024-10-01,,2024-09-26 07:11:39
E02229,M01369,8T3B27,2024-01-01,,2023-12-22 09:55:25
E02230,M01370,7K2B34,2024-01-01,,2023-12-22 17:05:50
E02231,M01371,3V4B58,2024-01-01,,2024-01-04 14:36:57
E02232,M01372,3V4B58,2024-01-01,2024-09-17,2024-08-21 09:55:21
E02233,M01372,3V8D35,2024-09-26,2026-06-30,2026-07-01 11:44:00
E02234,M01373,8T3B27,2024-01-01,,2023-12-26 11:44:26
E02235,M01374,4M8C16,2024-01-01,2024-06-05,2024-05-18 12:57:58
E02236,M01374,4M8C16,2024-06-24,,2024-10-02 11:58:39
E02237,M01375,4F9C63,2024-01-01,2026-06-30,2026-06-27 16:36:13
E02238,M01376,2R6A18,2024-01-01,,2024-01-02 14:15:22
E02239,M01377,2R6A18,2024-01-01,2025-03-14,2025-02-15 17:26:16
E02240,M01377,2R6A18,2026-05-16,,2026-04-26 17:35:02
E02241,M01378,2R6A18,2024-01-01,2026-06-30,2026-05-31 10:40:17
E02242,M01379,8U7C14,2024-01-01,,2024-02-17 08:56:55
E02243,M01380,4F9C63,2024-01-01,2024-09-14,2024-09-16 17:50:25
E02244,M01380,4F9C63,2026-04-12,,2026-04-05 12:48:29
E02245,M01381,8T3B27,2024-01-01,2025-02-20,2025-02-17 13:41:00
E02246,M01381,8T3B27,2025-03-17,,2025-03-06 12:33:24
E02247,M01382,2R6A18,2024-01-01,2025-01-28,2025-01-22 16:16:05
E02248,M01382,2R6A18,2025-02-25,,2025-03-15 17:59:17
E02249,M01383,7K2B34,2024-01-01,2025-02-14,2025-02-11 16:44:09
E02250,M01383,7K2B34,2025-08-13,2026-06-30,2026-06-23 13:27:23
E02251,M01384,3W7A43,2024-01-01,2024-07-07,2024-07-03 12:09:45
E02252,M01384,3W2C61,2024-07-09,,2024-10-09 12:15:46
E02253,M01385,2R6A18,2024-01-01,,2023-12-20 09:06:46
E02254,M01386,4M8C16,2024-01-01,2024-07-17,2024-08-08 08:11:40
E02255,M01386,4M8C16,2024-08-02,2025-02-05,2025-01-19 15:49:19
E02256,M01387,7K2B34,2024-01-01,,2023-12-29 11:58:58
E02257,M01388,8T3B27,2024-01-01,2024-04-04,2024-03-15 11:55:00
E02258,M01388,8T3B27,2024-05-26,,2024-06-11 16:22:03
E02259,M01389,8T3B27,2024-01-01,,2024-02-29 17:55:22
E02260,M01390,7K2B34,2024-01-01,2024-09-19,2024-09-18 10:44:02
E02261,M01390,7K2B34,2024-10-18,,2024-10-20 17:59:20
E02262,M01391,8T5D52,2024-01-01,2025-01-26,2025-01-21 17:38:54
E02263,M01391,8T3B27,2025-01-27,,2025-01-08 14:46:48
E02264,M01392,4M7A21,2024-01-01,2026-06-30,2026-06-28 13:00:55
E02265,M01393,7K2B34,2024-01-01,2024-06-29,2024-06-22 10:08:52
E02266,M01393,7K2B34,2024-07-19,,2024-07-26 17:32:22
E02267,M01394,7K2B34,2024-01-01,,2024-01-09 10:33:30
E02268,M01395,2R6A18,2024-01-01,2024-05-15,2024-05-13 14:40:32
E02269,M01395,2R6A18,2025-07-28,2025-09-28,2025-09-25 12:21:02
E02270,M01395,2R6A18,2025-10-26,,2025-11-11 17:47:36
E02271,M01396,2R6A18,2024-01-01,2026-06-30,2026-07-03 10:36:51
E02272,M01397,8U7C14,2024-01-01,,2024-01-10 10:03:21
E02273,M01398,7L6A25,2024-01-01,2024-06-15,2024-06-20 15:19:48
E02274,M01398,7L6A25,2024-07-10,,2024-07-10 13:53:41
E02275,M01399,7K2B34,2024-01-01,,2024-01-17 09:29:09
E02276,M01400,4M7A21,2024-01-01,,2023-12-24 17:07:48
E02277,M01401,4M7A21,2024-01-01,,2023-12-30 15:50:33
E02278,M01402,4M7A21,2024-01-01,2026-06-30,2026-06-30 15:15:41
E02279,M01403,2R6A18,2024-01-01,,2024-01-02 10:59:11
E02280,M01404,7K2B34,2024-01-01,2024-07-14,2024-06-19 12:57:32
E02281,M01404,7K2B34,2024-07-28,2025-05-26,2025-05-08 14:47:39
E02282,M01404,7K2B34,2025-06-19,,2025-06-11 15:11:30
E02283,M01405,9G2D54,2024-01-01,2024-05-20,2024-06-23 10:22:41
E02284,M01405,9G4B72,2024-05-21,2024-08-13,2024-08-12 13:05:34
E02285,M01405,9G2D54,2024-08-14,,2024-07-26 10:24:42
E02286,M01406,8T3B27,2024-01-01,2024-06-23,2024-06-17 15:16:45
E02287,M01406,8T3B27,2024-07-19,2025-05-24,2025-05-14 15:36:41
E02288,M01406,8T3B27,2025-05-28,,2025-05-18 11:13:31
E02289,M01407,2R6A18,2024-01-01,,2023-12-28 17:30:22
E02290,M01408,2R9C41,2024-01-01,2024-08-17,2024-08-19 09:57:44
E02291,M01408,2R9C41,2024-09-08,2025-07-31,2025-08-03 17:29:41
E02292,M01408,2S4D73,2025-08-01,,2025-07-17 11:57:38
E02293,M01409,3V4B58,2024-01-01,,2024-01-11 10:24:04
E02294,M01410,8T3B27,2024-01-01,2024-07-27,2024-07-24 10:41:05
E02295,M01410,8T3B27,2026-02-17,,2026-02-19 09:41:09
E02296,M01411,7L6A25,2024-01-01,2024-09-28,2024-09-02 16:58:29
E02297,M01411,7L6A25,2024-10-04,2025-02-01,2025-01-02 09:37:36
E02298,M01411,7L6A25,2026-02-22,,2026-02-12 17:47:52
E02299,M01412,2R6A18,2024-01-01,2024-06-27,2024-07-02 14:44:31
E02300,M01412,2R6A18,2024-07-18,,2024-06-28 13:00:39
E02301,M01413,2L8D37,2024-01-01,2026-06-30,2026-08-02 13:52:12
E02302,M01414,4M7A21,2024-01-01,2024-09-21,2024-09-19 13:59:27
E02303,M01414,4M7A21,2025-07-23,,2026-01-18 14:00:39
E02304,M01415,7K2B34,2024-01-01,2025-06-30,2025-07-04 13:23:40
E02305,M01415,9H6C31,2025-07-01,,2025-06-26 09:46:28
E02306,M01416,2L8D37,2024-01-01,2024-05-26,2024-05-27 16:40:06
E02307,M01416,2L8D37,2025-06-17,,2025-06-24 14:48:14
E02308,M01417,2L8D37,2024-01-01,2024-05-07,2024-05-12 17:32:44
E02309,M01417,2L8D37,2025-04-08,2025-09-05,2025-09-06 15:11:13
E02310,M01417,2L8D37,2026-02-05,,2026-01-24 09:06:18
E02311,M01418,9G4B72,2024-01-01,2024-07-21,2024-07-23 15:27:36
E02312,M01418,9G2D54,2024-07-28,,2024-07-12 17:46:18
E02313,M01419,4M8C16,2024-01-01,,2023-12-13 08:49:37
E02314,M01420,4F9C63,2024-01-01,,2023-12-30 16:56:21
E02315,M01421,8T3B27,2024-01-01,,2023-12-20 11:43:54
E02316,M01422,2R6A18,2024-01-01,2024-05-12,2024-04-25 15:05:31
E02317,M01422,2R6A18,2024-05-14,,2024-05-01 09:04:20
E02318,M01423,2L8D37,2024-01-01,,2023-12-20 12:25:21
E02319,M01424,4M7A21,2024-01-01,,2024-01-03 08:48:59
E02320,M01425,4M8C16,2024-01-01,2025-02-26,2025-01-28 16:14:23
E02321,M01425,4M8C16,2025-03-06,2025-07-31,2025-08-06 17:35:10
E02322,M01425,4N3B62,2025-08-01,,2025-07-13 18:49:50
E02323,M01426,5P2A46,2024-01-01,,2023-12-22 08:05:30
E02324,M01427,2L8D37,2024-01-01,,2023-12-28 08:52:44
E02325,M01428,8T3B27,2024-01-01,2024-07-10,2024-07-10 13:23:41
E02326,M01428,8T3B27,2024-10-25,,2024-10-14 13:16:25
E02327,M01429,5Q9D36,2024-01-01,,2023-12-18 16:40:07
E02328,M01430,2S4D73,2024-01-01,2024-03-06,2024-02-28 15:42:17
E02329,M01430,2S4D73,2024-03-09,,2024-03-09 08:50:39
E02330,M01431,7K2B34,2024-01-01,2024-04-02,2024-03-03 10:55:44
E02331,M01431,7K2B34,2024-04-16,,2024-04-03 10:49:12
E02332,M01432,8T3B27,2024-01-01,,2023-12-19 08:46:14
E02333,M01433,7K2B34,2024-01-01,,2024-01-04 14:01:09
E02334,M01434,8T5D52,2024-01-01,2024-11-12,2024-10-23 10:06:08
E02335,M01434,8T5D52,2024-11-27,,2024-11-28 08:02:57
E02336,M01435,7K2B34,2024-01-01,2024-04-20,2024-04-21 16:27:39
E02337,M01435,7K2B34,2024-05-17,,2024-04-28 11:52:12
E02338,M01436,5P7C12,2024-01-01,,2024-01-08 08:01:58
E02339,M01437,9H3A67,2024-01-01,2024-06-24,2024-06-25 16:54:05
E02340,M01437,9H6C31,2025-04-24,,2025-04-11 17:33:10
E02341,M01438,5P7C12,2024-01-01,,2024-02-13 15:20:56
E02342,M01439,8T3B27,2024-01-01,,2024-01-09 13:06:16
E02343,M01440,4N3B62,2024-01-01,2024-06-16,2024-05-22 15:55:48
E02344,M01440,4N3B62,2024-07-05,,2024-06-27 17:58:18
E02345,M01441,3W7A43,2024-01-01,2024-06-22,2024-07-14 17:29:19
E02346,M01441,3W2C61,2024-06-23,,2024-06-16 17:01:05
E02347,M01442,2R6A18,2024-01-01,2025-01-22,2025-01-20 14:04:06
E02348,M01442,2R6A18,2025-02-09,,2025-02-02 14:36:05
E02349,M01443,7K2B34,2024-01-01,2026-06-30,2026-06-14 12:18:22
E02350,M01444,4M7A21,2024-01-01,2024-05-16,2024-04-28 14:59:55
E02351,M01444,4M7A21,2024-09-23,2024-12-30,2024-12-27 15:10:52
E02352,M01444,4M7A21,2025-01-10,,2025-01-10 13:17:19
E02353,M01445,7K2B34,2024-01-01,,2024-01-06 16:10:22
E02354,M01446,2R6A18,2024-01-01,,2024-01-20 14:53:38
E02355,M01447,6K5C18,2024-01-01,2024-08-15,2024-08-05 08:54:09
E02356,M01447,6K7A45,2024-08-16,2025-01-27,2025-01-20 13:40:58
E02357,M01447,6K5C18,2025-01-28,,2025-01-09 14:23:28
E02358,M01448,9G4B72,2024-01-01,2024-07-25,2024-07-23 10:28:40
E02359,M01448,9G2D54,2024-08-10,2025-02-06,2025-02-08 12:54:49
E02360,M01448,9G4B72,2025-02-07,,2025-02-09 09:40:49
E02361,M01449,9H3A67,2024-01-01,,2023-12-17 13:22:33
E02362,M01450,2R6A18,2024-01-01,2024-02-26,2024-03-23 13:40:20
E02363,M01450,2R6A18,2024-03-26,,2024-05-04 15:15:33
E02364,M01451,1X5B24,2024-01-01,,2024-01-03 08:53:04
E02365,M01452,8T3B27,2024-01-01,2025-03-24,2025-03-28 13:45:15
E02366,M01452,8T3B27,2025-04-15,,2025-04-15 11:24:41
E02367,M01453,4F9C63,2024-01-01,,2023-12-15 09:16:28
E02368,M01454,8T3B27,2024-01-01,,2023-12-16 10:28:16
E02369,M01455,8T3B27,2024-01-01,2026-06-30,2026-06-24 08:40:49
E02370,M01456,4M7A21,2024-01-01,,2024-01-14 10:11:18
E02371,M01457,6J8D23,2024-01-01,,2023-12-11 11:54:57
E02372,M01458,4M7A21,2024-01-01,2026-06-30,2026-06-22 12:14:58
E02373,M01459,6J4B71,2024-01-01,2024-12-24,2024-12-20 09:32:25
E02374,M01459,6J8D23,2024-12-25,2026-01-31,2026-02-04 08:12:18
E02375,M01459,6K5C18,2026-02-01,,2026-01-18 14:29:53
E02376,M01460,4N3B62,2024-01-01,2024-03-14,2024-03-07 15:41:13
E02377,M01460,4N3B62,2024-03-17,2024-05-25,2024-05-27 15:10:30
E02378,M01460,4N3B62,2024-06-19,,2024-05-31 14:27:47
E02379,M01461,8T3B27,2024-01-01,2024-08-05,2024-08-04 13:31:29
E02380,M01461,8T3B27,2024-08-29,2025-03-16,2025-03-18 16:31:16
E02381,M01461,8T3B27,2026-04-08,,2026-04-09 14:58:21
E02382,M01462,2R6A18,2024-01-01,2024-09-18,2024-09-17 15:17:13
E02383,M01462,2R6A18,2024-09-21,2026-06-30,2026-06-30 09:37:32
E02384,M01463,7K2B34,2024-01-01,2024-09-29,2024-09-24 12:58:10
E02385,M01463,7K2B34,2024-10-18,,2024-10-06 08:07:59
E02386,M01464,8T3B27,2024-01-01,,2023-12-15 15:04:47
E02387,M01465,2R6A18,2024-01-01,2024-08-01,2024-07-28 15:35:30
E02388,M01465,2R6A18,2026-02-10,2026-04-07,2026-04-02 08:21:59
E02389,M01466,4F9C63,2024-01-01,2024-05-14,2024-05-10 13:39:04
E02390,M01466,4F9C63,2024-05-27,2024-11-10,2024-10-19 13:09:10
E02391,M01466,4F9C63,2026-02-23,2026-06-30,2026-07-04 15:52:12
E02392,M01467,2R6A18,2024-01-01,,2024-01-21 14:33:04
E02393,M01468,6J8D23,2024-01-01,,2023-12-18 15:41:26
E02394,M01469,7D3A51,2024-01-01,,2023-12-25 11:11:22
E02395,M01470,7K2B34,2024-01-01,,2023-12-30 15:22:11
E02396,M01471,7K4D09,2024-01-01,2026-06-30,2026-06-02 13:09:26
E02397,M01472,4M7A21,2024-01-01,,2024-02-02 10:58:31
E02398,M01473,2R6A18,2024-01-01,2024-09-11,2024-09-14 13:27:45
E02399,M01473,2R6A18,2024-09-13,,2024-10-03 17:54:35
E02400,M01474,4N3B62,2024-01-01,2024-02-19,2024-02-04 14:23:51
E02401,M01474,4N3B62,2025-08-28,,2025-08-23 14:49:01
E02402,M01475,3V4B58,2024-01-01,2024-10-24,2024-10-22 16:21:06
E02403,M01475,3V8D35,2024-10-25,2025-03-14,2025-03-18 10:22:58
E02404,M01475,3V4B58,2025-03-15,,2025-03-16 10:02:02
E02405,M01476,7K4D09,2024-01-01,2024-07-07,2024-07-12 15:27:44
E02406,M01476,7K4D09,2024-08-06,2025-04-07,2025-03-24 09:56:59
E02407,M01476,7K4D09,2026-01-29,2026-06-30,2026-06-29 11:08:24
E02408,M01477,3V4B58,2024-01-01,,2024-01-01 09:07:15
E02409,M01478,2R6A18,2024-01-01,2024-05-26,2024-05-25 08:53:34
E02410,M01478,2R6A18,2026-04-09,2026-05-24,2026-05-21 09:31:34
E02411,M01478,2R6A18,2026-06-23,,2026-06-26 09:41:17
E02412,M01479,2R6A18,2024-01-01,2025-02-18,2025-01-21 11:50:11
E02413,M01479,2R6A18,2025-07-06,,2025-07-01 10:39:32
E02414,M01480,7K2B34,2024-01-01,2025-04-30,2025-05-04 12:15:58
E02415,M01480,9H6C31,2025-05-01,2026-06-30,2025-04-19 12:58:07
E02416,M01481,2R6A18,2024-01-01,2024-09-01,2024-09-05 11:58:36
E02417,M01481,2R6A18,2024-09-11,2025-07-27,2025-07-27 15:32:29
E02418,M01482,4M7A21,2024-01-01,,2023-12-24 17:40:57
E02419,M01483,4M7A21,2024-01-01,2024-06-22,2024-05-29 17:50:37
E02420,M01483,4M7A21,2024-07-09,2025-06-02,2025-05-25 17:26:49
E02421,M01483,4M7A21,2025-06-30,,2025-06-09 11:51:15
E02422,M01484,4M7A21,2024-01-01,2024-09-07,2024-08-17 09:00:22
E02423,M01484,4M7A21,2024-09-15,2026-06-30,2026-06-27 17:51:49
E02424,M01485,4M7A21,2024-01-01,,2024-01-02 08:33:29
E02425,M01486,2R6A18,2024-01-01,2024-06-09,2024-06-05 16:15:22
E02426,M01486,2R6A18,2025-02-19,,2025-03-12 10:27:23
E02427,M01487,9G4B72,2024-01-01,2026-06-30,2026-06-23 09:56:41
E02428,M01488,7K2B34,2024-01-01,2024-08-19,2024-08-24 15:28:44
E02429,M01488,7K2B34,2025-02-03,,2025-02-07 15:58:19
E02430,M01489,8T3B27,2024-01-01,,2024-01-10 14:35:25
E02431,M01490,8T3B27,2024-01-01,2024-07-10,2024-06-27 10:17:36
E02432,M01490,8T3B27,2024-07-21,2024-09-17,2024-09-17 09:55:31
E02433,M01490,8T3B27,2025-11-26,,2025-11-25 12:59:08
E02434,M01491,4F9C63,2024-01-01,2024-11-23,2024-11-12 16:39:04
E02435,M01491,4F9C63,2024-12-11,,2025-01-10 13:04:33
E02436,M01492,8T3B27,2024-01-01,,2024-04-06 08:57:06
E02437,M01493,8T5D52,2024-01-01,,2024-01-02 11:36:12
E02438,M01494,9H3A67,2024-01-01,,2024-01-06 16:02:07
E02439,M01495,3V4B58,2024-01-01,2024-07-02,2024-06-11 08:15:56
E02440,M01495,3V8D35,2024-07-03,,2024-07-28 09:04:38
E02441,M01496,6J4B71,2024-01-01,,2024-01-29 10:24:00
E02442,M01497,6K5C18,2024-01-01,2024-09-07,2024-09-06 13:39:45
E02443,M01497,6K7A45,2024-09-08,,2024-08-26 10:32:19
E02444,M01498,6J8D23,2024-01-01,,2023-12-22 09:20:12
E02445,M01499,4M7A21,2024-01-01,2024-04-26,2024-04-28 17:37:09
E02446,M01499,4M7A21,2024-05-15,,2024-05-27 13:43:41
E02447,M01500,8T3B27,2024-01-01,,2024-01-05 13:33:14
